concept;g;w;map
diningtable;3;24;0.1180
car;3;24;0.1971
person;3;24;0.4459
aeroplane;3;24;0.2548
dog;3;24;0.1471
bicycle;3;24;0.0798
train;3;24;0.1170
motorbike;3;24;0.0989
bottle;3;24;0.0763
sofa;3;24;0.0809
cat;3;24;0.1616
horse;3;24;0.0837
boat;3;24;0.1991
all;3;24;0.2548
bus;3;24;0.1768
bird;3;24;0.1238
tvmonitor;3;24;0.1018
pottedplant;3;24;0.0995
sheep;3;24;0.1160
chair;3;24;0.1652
cow;3;24;0.0914
diningtable;8;23;0.1053
car;8;23;0.1997
person;8;23;0.4612
aeroplane;8;23;0.2210
dog;8;23;0.1483
bicycle;8;23;0.0827
train;8;23;0.1224
motorbike;8;23;0.1036
bottle;8;23;0.0713
sofa;8;23;0.0734
cat;8;23;0.1566
horse;8;23;0.0665
boat;8;23;0.1505
all;8;23;0.2210
bus;8;23;0.1723
bird;8;23;0.1134
tvmonitor;8;23;0.1112
pottedplant;8;23;0.0955
sheep;8;23;0.0775
chair;8;23;0.1508
cow;8;23;0.0670
diningtable;2;6;0.1156
car;2;6;0.2130
person;2;6;0.4758
aeroplane;2;6;0.3421
dog;2;6;0.1670
bicycle;2;6;0.0685
train;2;6;0.1345
motorbike;2;6;0.0887
bottle;2;6;0.0849
sofa;2;6;0.0728
cat;2;6;0.1637
horse;2;6;0.0662
boat;2;6;0.2334
all;2;6;0.3421
bus;2;6;0.1546
bird;2;6;0.1806
tvmonitor;2;6;0.0901
pottedplant;2;6;0.0793
sheep;2;6;0.1336
chair;2;6;0.1832
cow;2;6;0.0574
diningtable;8;9;0.1269
car;8;9;0.2310
person;8;9;0.4647
aeroplane;8;9;0.2832
dog;8;9;0.1580
bicycle;8;9;0.0743
train;8;9;0.1271
motorbike;8;9;0.1003
bottle;8;9;0.0815
sofa;8;9;0.0850
cat;8;9;0.1698
horse;8;9;0.0717
boat;8;9;0.2171
all;8;9;0.2832
bus;8;9;0.1578
bird;8;9;0.1509
tvmonitor;8;9;0.1063
pottedplant;8;9;0.0855
sheep;8;9;0.1002
chair;8;9;0.1662
cow;8;9;0.0716
diningtable;7;11;0.1277
car;7;11;0.2248
person;7;11;0.4625
aeroplane;7;11;0.2756
dog;7;11;0.1586
bicycle;7;11;0.0771
train;7;11;0.1215
motorbike;7;11;0.1078
bottle;7;11;0.0804
sofa;7;11;0.0880
cat;7;11;0.1699
horse;7;11;0.0745
boat;7;11;0.2181
all;7;11;0.2756
bus;7;11;0.1614
bird;7;11;0.1491
tvmonitor;7;11;0.1126
pottedplant;7;11;0.0944
sheep;7;11;0.0973
chair;7;11;0.1668
cow;7;11;0.0742
diningtable;0;6;0.0605
car;0;6;0.1676
person;0;6;0.3305
aeroplane;0;6;0.2646
dog;0;6;0.1561
bicycle;0;6;0.0565
train;0;6;0.0580
motorbike;0;6;0.0439
bottle;0;6;0.0595
sofa;0;6;0.0530
cat;0;6;0.1523
horse;0;6;0.0447
boat;0;6;0.1496
all;0;6;0.2646
bus;0;6;0.0767
bird;0;6;0.1260
tvmonitor;0;6;0.0524
pottedplant;0;6;0.0439
sheep;0;6;0.1002
chair;0;6;0.1676
cow;0;6;0.0377
diningtable;2;18;0.1381
car;2;18;0.2059
person;2;18;0.4384
aeroplane;2;18;0.2816
dog;2;18;0.1528
bicycle;2;18;0.0786
train;2;18;0.1174
motorbike;2;18;0.0925
bottle;2;18;0.0842
sofa;2;18;0.0813
cat;2;18;0.1680
horse;2;18;0.0834
boat;2;18;0.2281
all;2;18;0.2816
bus;2;18;0.1756
bird;2;18;0.1485
tvmonitor;2;18;0.1057
pottedplant;2;18;0.0924
sheep;2;18;0.1342
chair;2;18;0.1765
cow;2;18;0.0895
diningtable;0;5;0.0515
car;0;5;0.1690
person;0;5;0.3899
aeroplane;0;5;0.2566
dog;0;5;0.1560
bicycle;0;5;0.0538
train;0;5;0.0414
motorbike;0;5;0.0438
bottle;0;5;0.0703
sofa;0;5;0.0490
cat;0;5;0.1420
horse;0;5;0.0440
boat;0;5;0.1626
all;0;5;0.2566
bus;0;5;0.0528
bird;0;5;0.1362
tvmonitor;0;5;0.0531
pottedplant;0;5;0.0472
sheep;0;5;0.0902
chair;0;5;0.1635
cow;0;5;0.0320
diningtable;5;2;0.0762
car;5;2;0.1580
person;5;2;0.5155
aeroplane;5;2;0.3316
dog;5;2;0.1453
bicycle;5;2;0.0665
train;5;2;0.0914
motorbike;5;2;0.0840
bottle;5;2;0.0729
sofa;5;2;0.0679
cat;5;2;0.1391
horse;5;2;0.0528
boat;5;2;0.1833
all;5;2;0.3316
bus;5;2;0.1089
bird;5;2;0.1478
tvmonitor;5;2;0.0704
pottedplant;5;2;0.0656
sheep;5;2;0.1046
chair;5;2;0.1391
cow;5;2;0.0448
diningtable;4;1;0.0678
car;4;1;0.1386
person;4;1;0.5200
aeroplane;4;1;0.3000
dog;4;1;0.1390
bicycle;4;1;0.0653
train;4;1;0.0790
motorbike;4;1;0.0806
bottle;4;1;0.0681
sofa;4;1;0.0615
cat;4;1;0.1330
horse;4;1;0.0492
boat;4;1;0.1379
all;4;1;0.3000
bus;4;1;0.0883
bird;4;1;0.1318
tvmonitor;4;1;0.0668
pottedplant;4;1;0.0639
sheep;4;1;0.0935
chair;4;1;0.1215
cow;4;1;0.0425
diningtable;3;11;0.1372
car;3;11;0.2197
person;3;11;0.4532
aeroplane;3;11;0.3016
dog;3;11;0.1620
bicycle;3;11;0.0715
train;3;11;0.1294
motorbike;3;11;0.0952
bottle;3;11;0.0850
sofa;3;11;0.0851
cat;3;11;0.1836
horse;3;11;0.0781
boat;3;11;0.2453
all;3;11;0.3016
bus;3;11;0.1636
bird;3;11;0.1635
tvmonitor;3;11;0.1058
pottedplant;3;11;0.0822
sheep;3;11;0.1245
chair;3;11;0.1768
cow;3;11;0.0732
diningtable;2;4;0.0939
car;2;4;0.2003
person;2;4;0.4827
aeroplane;2;4;0.3517
dog;2;4;0.1587
bicycle;2;4;0.0677
train;2;4;0.1147
motorbike;2;4;0.0873
bottle;2;4;0.0778
sofa;2;4;0.0713
cat;2;4;0.1541
horse;2;4;0.0571
boat;2;4;0.2174
all;2;4;0.3517
bus;2;4;0.1390
bird;2;4;0.1676
tvmonitor;2;4;0.0809
pottedplant;2;4;0.0740
sheep;2;4;0.1293
chair;2;4;0.1691
cow;2;4;0.0505
diningtable;7;18;0.1126
car;7;18;0.2090
person;7;18;0.4593
aeroplane;7;18;0.2383
dog;7;18;0.1538
bicycle;7;18;0.0809
train;7;18;0.1232
motorbike;7;18;0.1089
bottle;7;18;0.0759
sofa;7;18;0.0771
cat;7;18;0.1602
horse;7;18;0.0755
boat;7;18;0.1747
all;7;18;0.2383
bus;7;18;0.1809
bird;7;18;0.1253
tvmonitor;7;18;0.1133
pottedplant;7;18;0.1028
sheep;7;18;0.0858
chair;7;18;0.1567
cow;7;18;0.0751
diningtable;1;2;0.0634
car;1;2;0.1457
person;1;2;0.4993
aeroplane;1;2;0.3112
dog;1;2;0.1439
bicycle;1;2;0.0607
train;1;2;0.0985
motorbike;1;2;0.0728
bottle;1;2;0.0628
sofa;1;2;0.0677
cat;1;2;0.1375
horse;1;2;0.0463
boat;1;2;0.1751
all;1;2;0.3112
bus;1;2;0.0912
bird;1;2;0.1460
tvmonitor;1;2;0.0643
pottedplant;1;2;0.0610
sheep;1;2;0.1116
chair;1;2;0.1329
cow;1;2;0.0439
diningtable;8;10;0.1248
car;8;10;0.2291
person;8;10;0.4643
aeroplane;8;10;0.2773
dog;8;10;0.1577
bicycle;8;10;0.0778
train;8;10;0.1232
motorbike;8;10;0.1062
bottle;8;10;0.0806
sofa;8;10;0.0869
cat;8;10;0.1704
horse;8;10;0.0721
boat;8;10;0.2154
all;8;10;0.2773
bus;8;10;0.1603
bird;8;10;0.1495
tvmonitor;8;10;0.1110
pottedplant;8;10;0.0913
sheep;8;10;0.0954
chair;8;10;0.1636
cow;8;10;0.0730
diningtable;5;24;0.1127
car;5;24;0.1957
person;5;24;0.4526
aeroplane;5;24;0.2403
dog;5;24;0.1480
bicycle;5;24;0.0814
train;5;24;0.1186
motorbike;5;24;0.1057
bottle;5;24;0.0741
sofa;5;24;0.0766
cat;5;24;0.1628
horse;5;24;0.0748
boat;5;24;0.1744
all;5;24;0.2403
bus;5;24;0.1708
bird;5;24;0.1172
tvmonitor;5;24;0.1063
pottedplant;5;24;0.1005
sheep;5;24;0.0879
chair;5;24;0.1573
cow;5;24;0.0793
diningtable;7;7;0.1298
car;7;7;0.2267
person;7;7;0.4695
aeroplane;7;7;0.3014
dog;7;7;0.1591
bicycle;7;7;0.0704
train;7;7;0.1346
motorbike;7;7;0.0950
bottle;7;7;0.0873
sofa;7;7;0.0812
cat;7;7;0.1680
horse;7;7;0.0714
boat;7;7;0.2270
all;7;7;0.3014
bus;7;7;0.1630
bird;7;7;0.1633
tvmonitor;7;7;0.0952
pottedplant;7;7;0.0817
sheep;7;7;0.1166
chair;7;7;0.1739
cow;7;7;0.0666
diningtable;0;23;0.0770
car;0;23;0.1705
person;0;23;0.3256
aeroplane;0;23;0.3074
dog;0;23;0.1382
bicycle;0;23;0.0651
train;0;23;0.0774
motorbike;0;23;0.0569
bottle;0;23;0.0806
sofa;0;23;0.0734
cat;0;23;0.1528
horse;0;23;0.0680
boat;0;23;0.1650
all;0;23;0.3074
bus;0;23;0.0656
bird;0;23;0.1446
tvmonitor;0;23;0.0720
pottedplant;0;23;0.0555
sheep;0;23;0.1302
chair;0;23;0.1465
cow;0;23;0.0652
diningtable;7;17;0.1128
car;7;17;0.2092
person;7;17;0.4594
aeroplane;7;17;0.2419
dog;7;17;0.1547
bicycle;7;17;0.0810
train;7;17;0.1234
motorbike;7;17;0.1101
bottle;7;17;0.0765
sofa;7;17;0.0784
cat;7;17;0.1609
horse;7;17;0.0756
boat;7;17;0.1776
all;7;17;0.2419
bus;7;17;0.1848
bird;7;17;0.1284
tvmonitor;7;17;0.1150
pottedplant;7;17;0.1029
sheep;7;17;0.0870
chair;7;17;0.1579
cow;7;17;0.0742
diningtable;3;13;0.1345
car;3;13;0.2191
person;3;13;0.4514
aeroplane;3;13;0.2923
dog;3;13;0.1606
bicycle;3;13;0.0740
train;3;13;0.1198
motorbike;3;13;0.0964
bottle;3;13;0.0858
sofa;3;13;0.0851
cat;3;13;0.1800
horse;3;13;0.0819
boat;3;13;0.2426
all;3;13;0.2923
bus;3;13;0.1644
bird;3;13;0.1561
tvmonitor;3;13;0.1107
pottedplant;3;13;0.0820
sheep;3;13;0.1256
chair;3;13;0.1805
cow;3;13;0.0793
diningtable;3;6;0.1201
car;3;6;0.2162
person;3;6;0.4777
aeroplane;3;6;0.3355
dog;3;6;0.1660
bicycle;3;6;0.0692
train;3;6;0.1352
motorbike;3;6;0.0900
bottle;3;6;0.0842
sofa;3;6;0.0747
cat;3;6;0.1636
horse;3;6;0.0654
boat;3;6;0.2354
all;3;6;0.3355
bus;3;6;0.1582
bird;3;6;0.1773
tvmonitor;3;6;0.0904
pottedplant;3;6;0.0798
sheep;3;6;0.1285
chair;3;6;0.1826
cow;3;6;0.0586
diningtable;3;2;0.0717
car;3;2;0.1561
person;3;2;0.5080
aeroplane;3;2;0.3403
dog;3;2;0.1464
bicycle;3;2;0.0651
train;3;2;0.0963
motorbike;3;2;0.0823
bottle;3;2;0.0706
sofa;3;2;0.0690
cat;3;2;0.1391
horse;3;2;0.0520
boat;3;2;0.1877
all;3;2;0.3403
bus;3;2;0.1036
bird;3;2;0.1484
tvmonitor;3;2;0.0706
pottedplant;3;2;0.0670
sheep;3;2;0.1103
chair;3;2;0.1371
cow;3;2;0.0439
diningtable;4;13;0.1342
car;4;13;0.2194
person;4;13;0.4548
aeroplane;4;13;0.2883
dog;4;13;0.1595
bicycle;4;13;0.0766
train;4;13;0.1198
motorbike;4;13;0.1052
bottle;4;13;0.0842
sofa;4;13;0.0856
cat;4;13;0.1772
horse;4;13;0.0800
boat;4;13;0.2281
all;4;13;0.2883
bus;4;13;0.1687
bird;4;13;0.1516
tvmonitor;4;13;0.1130
pottedplant;4;13;0.0888
sheep;4;13;0.1208
chair;4;13;0.1792
cow;4;13;0.0819
diningtable;2;16;0.1402
car;2;16;0.2108
person;2;16;0.4400
aeroplane;2;16;0.2863
dog;2;16;0.1544
bicycle;2;16;0.0759
train;2;16;0.1196
motorbike;2;16;0.0935
bottle;2;16;0.0840
sofa;2;16;0.0812
cat;2;16;0.1715
horse;2;16;0.0804
boat;2;16;0.2430
all;2;16;0.2863
bus;2;16;0.1683
bird;2;16;0.1549
tvmonitor;2;16;0.1045
pottedplant;2;16;0.0848
sheep;2;16;0.1376
chair;2;16;0.1767
cow;2;16;0.0860
diningtable;2;11;0.1343
car;2;11;0.2139
person;2;11;0.4481
aeroplane;2;11;0.3099
dog;2;11;0.1693
bicycle;2;11;0.0699
train;2;11;0.1342
motorbike;2;11;0.0899
bottle;2;11;0.0861
sofa;2;11;0.0825
cat;2;11;0.1838
horse;2;11;0.0739
boat;2;11;0.2490
all;2;11;0.3099
bus;2;11;0.1772
bird;2;11;0.1764
tvmonitor;2;11;0.1000
pottedplant;2;11;0.0831
sheep;2;11;0.1266
chair;2;11;0.1766
cow;2;11;0.0694
diningtable;0;3;0.0387
car;0;3;0.1040
person;0;3;0.4373
aeroplane;0;3;0.2376
dog;0;3;0.1239
bicycle;0;3;0.0510
train;0;3;0.0474
motorbike;0;3;0.0393
bottle;0;3;0.0655
sofa;0;3;0.0437
cat;0;3;0.1114
horse;0;3;0.0382
boat;0;3;0.1098
all;0;3;0.2376
bus;0;3;0.0364
bird;0;3;0.1559
tvmonitor;0;3;0.0471
pottedplant;0;3;0.0396
sheep;0;3;0.0472
chair;0;3;0.0984
cow;0;3;0.0244
diningtable;8;18;0.1097
car;8;18;0.2127
person;8;18;0.4614
aeroplane;8;18;0.2338
dog;8;18;0.1537
bicycle;8;18;0.0810
train;8;18;0.1237
motorbike;8;18;0.1071
bottle;8;18;0.0748
sofa;8;18;0.0763
cat;8;18;0.1590
horse;8;18;0.0721
boat;8;18;0.1691
all;8;18;0.2338
bus;8;18;0.1791
bird;8;18;0.1222
tvmonitor;8;18;0.1137
pottedplant;8;18;0.1021
sheep;8;18;0.0821
chair;8;18;0.1534
cow;8;18;0.0715
diningtable;8;4;0.1020
car;8;4;0.2182
person;8;4;0.4928
aeroplane;8;4;0.3154
dog;8;4;0.1538
bicycle;8;4;0.0682
train;8;4;0.1095
motorbike;8;4;0.0886
bottle;8;4;0.0860
sofa;8;4;0.0738
cat;8;4;0.1495
horse;8;4;0.0622
boat;8;4;0.2179
all;8;4;0.3154
bus;8;4;0.1404
bird;8;4;0.1577
tvmonitor;8;4;0.0812
pottedplant;8;4;0.0713
sheep;8;4;0.1083
chair;8;4;0.1756
cow;8;4;0.0538
diningtable;1;23;0.1412
car;1;23;0.2036
person;1;23;0.4202
aeroplane;1;23;0.2861
dog;1;23;0.1429
bicycle;1;23;0.0730
train;1;23;0.1145
motorbike;1;23;0.0893
bottle;1;23;0.0811
sofa;1;23;0.0786
cat;1;23;0.1584
horse;1;23;0.0827
boat;1;23;0.2477
all;1;23;0.2861
bus;1;23;0.1724
bird;1;23;0.1421
tvmonitor;1;23;0.0955
pottedplant;1;23;0.0924
sheep;1;23;0.1439
chair;1;23;0.1691
cow;1;23;0.0815
diningtable;3;14;0.1362
car;3;14;0.2159
person;3;14;0.4504
aeroplane;3;14;0.2873
dog;3;14;0.1578
bicycle;3;14;0.0755
train;3;14;0.1181
motorbike;3;14;0.1021
bottle;3;14;0.0852
sofa;3;14;0.0833
cat;3;14;0.1773
horse;3;14;0.0814
boat;3;14;0.2374
all;3;14;0.2873
bus;3;14;0.1678
bird;3;14;0.1514
tvmonitor;3;14;0.1110
pottedplant;3;14;0.0852
sheep;3;14;0.1323
chair;3;14;0.1814
cow;3;14;0.0844
diningtable;8;13;0.1172
car;8;13;0.2195
person;8;13;0.4628
aeroplane;8;13;0.2540
dog;8;13;0.1590
bicycle;8;13;0.0811
train;8;13;0.1234
motorbike;8;13;0.1098
bottle;8;13;0.0795
sofa;8;13;0.0865
cat;8;13;0.1635
horse;8;13;0.0757
boat;8;13;0.1950
all;8;13;0.2540
bus;8;13;0.1750
bird;8;13;0.1480
tvmonitor;8;13;0.1137
pottedplant;8;13;0.0976
sheep;8;13;0.0875
chair;8;13;0.1611
cow;8;13;0.0763
diningtable;6;21;0.1122
car;6;21;0.2019
person;6;21;0.4547
aeroplane;6;21;0.2392
dog;6;21;0.1512
bicycle;6;21;0.0804
train;6;21;0.1212
motorbike;6;21;0.1042
bottle;6;21;0.0747
sofa;6;21;0.0765
cat;6;21;0.1618
horse;6;21;0.0737
boat;6;21;0.1698
all;6;21;0.2392
bus;6;21;0.1737
bird;6;21;0.1201
tvmonitor;6;21;0.1121
pottedplant;6;21;0.1051
sheep;6;21;0.0869
chair;6;21;0.1549
cow;6;21;0.0763
diningtable;4;7;0.1260
car;4;7;0.2188
person;4;7;0.4711
aeroplane;4;7;0.3215
dog;4;7;0.1623
bicycle;4;7;0.0699
train;4;7;0.1365
motorbike;4;7;0.0930
bottle;4;7;0.0872
sofa;4;7;0.0801
cat;4;7;0.1719
horse;4;7;0.0691
boat;4;7;0.2372
all;4;7;0.3215
bus;4;7;0.1687
bird;4;7;0.1725
tvmonitor;4;7;0.0935
pottedplant;4;7;0.0832
sheep;4;7;0.1208
chair;4;7;0.1780
cow;4;7;0.0644
diningtable;2;7;0.1229
car;2;7;0.2125
person;2;7;0.4700
aeroplane;2;7;0.3398
dog;2;7;0.1696
bicycle;2;7;0.0689
train;2;7;0.1320
motorbike;2;7;0.0889
bottle;2;7;0.0879
sofa;2;7;0.0750
cat;2;7;0.1695
horse;2;7;0.0674
boat;2;7;0.2352
all;2;7;0.3398
bus;2;7;0.1586
bird;2;7;0.1792
tvmonitor;2;7;0.0934
pottedplant;2;7;0.0810
sheep;2;7;0.1283
chair;2;7;0.1808
cow;2;7;0.0631
diningtable;9;18;0.1083
car;9;18;0.2133
person;9;18;0.4626
aeroplane;9;18;0.2303
dog;9;18;0.1526
bicycle;9;18;0.0800
train;9;18;0.1247
motorbike;9;18;0.1049
bottle;9;18;0.0738
sofa;9;18;0.0759
cat;9;18;0.1581
horse;9;18;0.0698
boat;9;18;0.1606
all;9;18;0.2303
bus;9;18;0.1775
bird;9;18;0.1202
tvmonitor;9;18;0.1132
pottedplant;9;18;0.1020
sheep;9;18;0.0792
chair;9;18;0.1502
cow;9;18;0.0689
diningtable;7;3;0.0904
car;7;3;0.1905
person;7;3;0.5003
aeroplane;7;3;0.3248
dog;7;3;0.1519
bicycle;7;3;0.0676
train;7;3;0.1005
motorbike;7;3;0.0844
bottle;7;3;0.0784
sofa;7;3;0.0706
cat;7;3;0.1456
horse;7;3;0.0556
boat;7;3;0.2105
all;7;3;0.3248
bus;7;3;0.1263
bird;7;3;0.1519
tvmonitor;7;3;0.0765
pottedplant;7;3;0.0668
sheep;7;3;0.1124
chair;7;3;0.1615
cow;7;3;0.0496
diningtable;9;17;0.1086
car;9;17;0.2140
person;9;17;0.4625
aeroplane;9;17;0.2331
dog;9;17;0.1538
bicycle;9;17;0.0803
train;9;17;0.1245
motorbike;9;17;0.1069
bottle;9;17;0.0747
sofa;9;17;0.0769
cat;9;17;0.1589
horse;9;17;0.0709
boat;9;17;0.1649
all;9;17;0.2331
bus;9;17;0.1790
bird;9;17;0.1226
tvmonitor;9;17;0.1141
pottedplant;9;17;0.1017
sheep;9;17;0.0805
chair;9;17;0.1522
cow;9;17;0.0700
diningtable;6;10;0.1338
car;6;10;0.2214
person;6;10;0.4591
aeroplane;6;10;0.2873
dog;6;10;0.1585
bicycle;6;10;0.0745
train;6;10;0.1263
motorbike;6;10;0.1026
bottle;6;10;0.0813
sofa;6;10;0.0861
cat;6;10;0.1760
horse;6;10;0.0756
boat;6;10;0.2274
all;6;10;0.2873
bus;6;10;0.1574
bird;6;10;0.1527
tvmonitor;6;10;0.1093
pottedplant;6;10;0.0862
sheep;6;10;0.1146
chair;6;10;0.1700
cow;6;10;0.0752
diningtable;1;14;0.1287
car;1;14;0.2111
person;1;14;0.4416
aeroplane;1;14;0.3353
dog;1;14;0.1574
bicycle;1;14;0.0681
train;1;14;0.1220
motorbike;1;14;0.0815
bottle;1;14;0.0861
sofa;1;14;0.0834
cat;1;14;0.1771
horse;1;14;0.0728
boat;1;14;0.2516
all;1;14;0.3353
bus;1;14;0.1669
bird;1;14;0.1779
tvmonitor;1;14;0.0954
pottedplant;1;14;0.0691
sheep;1;14;0.1279
chair;1;14;0.1703
cow;1;14;0.0702
diningtable;9;6;0.1217
car;9;6;0.2290
person;9;6;0.4753
aeroplane;9;6;0.2970
dog;9;6;0.1557
bicycle;9;6;0.0696
train;9;6;0.1309
motorbike;9;6;0.0935
bottle;9;6;0.0840
sofa;9;6;0.0786
cat;9;6;0.1593
horse;9;6;0.0690
boat;9;6;0.2204
all;9;6;0.2970
bus;9;6;0.1596
bird;9;6;0.1649
tvmonitor;9;6;0.0919
pottedplant;9;6;0.0791
sheep;9;6;0.1013
chair;9;6;0.1686
cow;9;6;0.0632
diningtable;0;19;0.0962
car;0;19;0.1663
person;0;19;0.3518
aeroplane;0;19;0.3071
dog;0;19;0.1461
bicycle;0;19;0.0669
train;0;19;0.0833
motorbike;0;19;0.0517
bottle;0;19;0.0848
sofa;0;19;0.0768
cat;0;19;0.1575
horse;0;19;0.0648
boat;0;19;0.1624
all;0;19;0.3071
bus;0;19;0.0683
bird;0;19;0.1640
tvmonitor;0;19;0.0741
pottedplant;0;19;0.0572
sheep;0;19;0.1320
chair;0;19;0.1465
cow;0;19;0.0668
diningtable;0;22;0.0823
car;0;22;0.1707
person;0;22;0.3686
aeroplane;0;22;0.3069
dog;0;22;0.1392
bicycle;0;22;0.0642
train;0;22;0.0767
motorbike;0;22;0.0533
bottle;0;22;0.0812
sofa;0;22;0.0746
cat;0;22;0.1536
horse;0;22;0.0663
boat;0;22;0.1637
all;0;22;0.3069
bus;0;22;0.0656
bird;0;22;0.1480
tvmonitor;0;22;0.0729
pottedplant;0;22;0.0541
sheep;0;22;0.1305
chair;0;22;0.1479
cow;0;22;0.0656
diningtable;8;8;0.1316
car;8;8;0.2315
person;8;8;0.4676
aeroplane;8;8;0.2868
dog;8;8;0.1580
bicycle;8;8;0.0730
train;8;8;0.1318
motorbike;8;8;0.0970
bottle;8;8;0.0837
sofa;8;8;0.0833
cat;8;8;0.1697
horse;8;8;0.0701
boat;8;8;0.2221
all;8;8;0.2868
bus;8;8;0.1584
bird;8;8;0.1544
tvmonitor;8;8;0.1033
pottedplant;8;8;0.0850
sheep;8;8;0.1075
chair;8;8;0.1673
cow;8;8;0.0682
diningtable;4;19;0.1225
car;4;19;0.2045
person;4;19;0.4511
aeroplane;4;19;0.2541
dog;4;19;0.1506
bicycle;4;19;0.0788
train;4;19;0.1174
motorbike;4;19;0.1042
bottle;4;19;0.0805
sofa;4;19;0.0819
cat;4;19;0.1657
horse;4;19;0.0839
boat;4;19;0.2016
all;4;19;0.2541
bus;4;19;0.1790
bird;4;19;0.1377
tvmonitor;4;19;0.1126
pottedplant;4;19;0.1029
sheep;4;19;0.1081
chair;4;19;0.1653
cow;4;19;0.0840
diningtable;1;20;0.1390
car;1;20;0.2070
person;1;20;0.4232
aeroplane;1;20;0.3035
dog;1;20;0.1466
bicycle;1;20;0.0732
train;1;20;0.1188
motorbike;1;20;0.0863
bottle;1;20;0.0821
sofa;1;20;0.0792
cat;1;20;0.1634
horse;1;20;0.0804
boat;1;20;0.2494
all;1;20;0.3035
bus;1;20;0.1625
bird;1;20;0.1589
tvmonitor;1;20;0.0950
pottedplant;1;20;0.0878
sheep;1;20;0.1343
chair;1;20;0.1686
cow;1;20;0.0797
diningtable;7;23;0.1067
car;7;23;0.1979
person;7;23;0.4593
aeroplane;7;23;0.2256
dog;7;23;0.1494
bicycle;7;23;0.0822
train;7;23;0.1201
motorbike;7;23;0.1049
bottle;7;23;0.0720
sofa;7;23;0.0745
cat;7;23;0.1575
horse;7;23;0.0693
boat;7;23;0.1570
all;7;23;0.2256
bus;7;23;0.1716
bird;7;23;0.1148
tvmonitor;7;23;0.1106
pottedplant;7;23;0.0992
sheep;7;23;0.0798
chair;7;23;0.1526
cow;7;23;0.0686
diningtable;0;4;0.0380
car;0;4;0.1438
person;0;4;0.4042
aeroplane;0;4;0.2472
dog;0;4;0.1335
bicycle;0;4;0.0491
train;0;4;0.0437
motorbike;0;4;0.0413
bottle;0;4;0.0556
sofa;0;4;0.0505
cat;0;4;0.1299
horse;0;4;0.0360
boat;0;4;0.1540
all;0;4;0.2472
bus;0;4;0.0439
bird;0;4;0.1655
tvmonitor;0;4;0.0526
pottedplant;0;4;0.0464
sheep;0;4;0.0582
chair;0;4;0.1372
cow;0;4;0.0270
diningtable;5;4;0.1010
car;5;4;0.2130
person;5;4;0.4897
aeroplane;5;4;0.3311
dog;5;4;0.1580
bicycle;5;4;0.0683
train;5;4;0.1109
motorbike;5;4;0.0887
bottle;5;4;0.0796
sofa;5;4;0.0722
cat;5;4;0.1525
horse;5;4;0.0605
boat;5;4;0.2228
all;5;4;0.3311
bus;5;4;0.1438
bird;5;4;0.1599
tvmonitor;5;4;0.0813
pottedplant;5;4;0.0723
sheep;5;4;0.1251
chair;5;4;0.1755
cow;5;4;0.0533
diningtable;8;17;0.1100
car;8;17;0.2120
person;8;17;0.4613
aeroplane;8;17;0.2360
dog;8;17;0.1544
bicycle;8;17;0.0808
train;8;17;0.1245
motorbike;8;17;0.1083
bottle;8;17;0.0758
sofa;8;17;0.0771
cat;8;17;0.1603
horse;8;17;0.0736
boat;8;17;0.1720
all;8;17;0.2360
bus;8;17;0.1824
bird;8;17;0.1252
tvmonitor;8;17;0.1139
pottedplant;8;17;0.1019
sheep;8;17;0.0834
chair;8;17;0.1556
cow;8;17;0.0724
diningtable;5;13;0.1292
car;5;13;0.2200
person;5;13;0.4562
aeroplane;5;13;0.2769
dog;5;13;0.1602
bicycle;5;13;0.0783
train;5;13;0.1213
motorbike;5;13;0.1086
bottle;5;13;0.0833
sofa;5;13;0.0873
cat;5;13;0.1732
horse;5;13;0.0791
boat;5;13;0.2201
all;5;13;0.2769
bus;5;13;0.1653
bird;5;13;0.1507
tvmonitor;5;13;0.1146
pottedplant;5;13;0.0943
sheep;5;13;0.1077
chair;5;13;0.1704
cow;5;13;0.0787
diningtable;0;14;0.1123
car;0;14;0.1505
person;0;14;0.3498
aeroplane;0;14;0.3088
dog;0;14;0.1750
bicycle;0;14;0.0636
train;0;14;0.0812
motorbike;0;14;0.0692
bottle;0;14;0.0863
sofa;0;14;0.0760
cat;0;14;0.1661
horse;0;14;0.0624
boat;0;14;0.1465
all;0;14;0.3088
bus;0;14;0.1026
bird;0;14;0.1714
tvmonitor;0;14;0.0763
pottedplant;0;14;0.0594
sheep;0;14;0.1359
chair;0;14;0.1444
cow;0;14;0.0659
diningtable;5;11;0.1339
car;5;11;0.2214
person;5;11;0.4576
aeroplane;5;11;0.2891
dog;5;11;0.1600
bicycle;5;11;0.0750
train;5;11;0.1238
motorbike;5;11;0.1031
bottle;5;11;0.0834
sofa;5;11;0.0877
cat;5;11;0.1773
horse;5;11;0.0778
boat;5;11;0.2315
all;5;11;0.2891
bus;5;11;0.1588
bird;5;11;0.1522
tvmonitor;5;11;0.1107
pottedplant;5;11;0.0887
sheep;5;11;0.1181
chair;5;11;0.1723
cow;5;11;0.0765
diningtable;1;8;0.1217
car;1;8;0.2106
person;1;8;0.4666
aeroplane;1;8;0.3356
dog;1;8;0.1726
bicycle;1;8;0.0687
train;1;8;0.1250
motorbike;1;8;0.0869
bottle;1;8;0.0901
sofa;1;8;0.0740
cat;1;8;0.1722
horse;1;8;0.0677
boat;1;8;0.2271
all;1;8;0.3356
bus;1;8;0.1511
bird;1;8;0.1853
tvmonitor;1;8;0.0967
pottedplant;1;8;0.0822
sheep;1;8;0.1325
chair;1;8;0.1768
cow;1;8;0.0645
diningtable;9;24;0.1039
car;9;24;0.1996
person;9;24;0.4626
aeroplane;9;24;0.2166
dog;9;24;0.1467
bicycle;9;24;0.0826
train;9;24;0.1227
motorbike;9;24;0.1044
bottle;9;24;0.0707
sofa;9;24;0.0712
cat;9;24;0.1553
horse;9;24;0.0641
boat;9;24;0.1414
all;9;24;0.2166
bus;9;24;0.1707
bird;9;24;0.1110
tvmonitor;9;24;0.1111
pottedplant;9;24;0.0960
sheep;9;24;0.0733
chair;9;24;0.1464
cow;9;24;0.0635
diningtable;6;22;0.1103
car;6;22;0.1994
person;6;22;0.4546
aeroplane;6;22;0.2363
dog;6;22;0.1500
bicycle;6;22;0.0806
train;6;22;0.1212
motorbike;6;22;0.1050
bottle;6;22;0.0738
sofa;6;22;0.0762
cat;6;22;0.1613
horse;6;22;0.0724
boat;6;22;0.1681
all;6;22;0.2363
bus;6;22;0.1715
bird;6;22;0.1178
tvmonitor;6;22;0.1111
pottedplant;6;22;0.1037
sheep;6;22;0.0857
chair;6;22;0.1538
cow;6;22;0.0750
diningtable;7;16;0.1139
car;7;16;0.2112
person;7;16;0.4595
aeroplane;7;16;0.2432
dog;7;16;0.1561
bicycle;7;16;0.0816
train;7;16;0.1241
motorbike;7;16;0.1102
bottle;7;16;0.0775
sofa;7;16;0.0797
cat;7;16;0.1624
horse;7;16;0.0760
boat;7;16;0.1842
all;7;16;0.2432
bus;7;16;0.1843
bird;7;16;0.1347
tvmonitor;7;16;0.1146
pottedplant;7;16;0.1023
sheep;7;16;0.0885
chair;7;16;0.1607
cow;7;16;0.0772
diningtable;3;18;0.1275
car;3;18;0.2062
person;3;18;0.4471
aeroplane;3;18;0.2772
dog;3;18;0.1536
bicycle;3;18;0.0801
train;3;18;0.1164
motorbike;3;18;0.1010
bottle;3;18;0.0819
sofa;3;18;0.0807
cat;3;18;0.1717
horse;3;18;0.0840
boat;3;18;0.2134
all;3;18;0.2772
bus;3;18;0.1778
bird;3;18;0.1465
tvmonitor;3;18;0.1086
pottedplant;3;18;0.0964
sheep;3;18;0.1255
chair;3;18;0.1715
cow;3;18;0.0882
diningtable;0;12;0.1132
car;0;12;0.1483
person;0;12;0.3515
aeroplane;0;12;0.3044
dog;0;12;0.1765
bicycle;0;12;0.0430
train;0;12;0.0832
motorbike;0;12;0.0679
bottle;0;12;0.0852
sofa;0;12;0.0749
cat;0;12;0.1677
horse;0;12;0.0628
boat;0;12;0.1397
all;0;12;0.3044
bus;0;12;0.1071
bird;0;12;0.1538
tvmonitor;0;12;0.0786
pottedplant;0;12;0.0586
sheep;0;12;0.1346
chair;0;12;0.1429
cow;0;12;0.0639
diningtable;8;1;0.0694
car;8;1;0.1408
person;8;1;0.5285
aeroplane;8;1;0.3032
dog;8;1;0.1384
bicycle;8;1;0.0643
train;8;1;0.0801
motorbike;8;1;0.0794
bottle;8;1;0.0704
sofa;8;1;0.0616
cat;8;1;0.1305
horse;8;1;0.0499
boat;8;1;0.1439
all;8;1;0.3032
bus;8;1;0.0881
bird;8;1;0.1296
tvmonitor;8;1;0.0691
pottedplant;8;1;0.0615
sheep;8;1;0.0898
chair;8;1;0.1261
cow;8;1;0.0447
diningtable;6;5;0.1112
car;6;5;0.2186
person;6;5;0.4846
aeroplane;6;5;0.3263
dog;6;5;0.1586
bicycle;6;5;0.0697
train;6;5;0.1241
motorbike;6;5;0.0910
bottle;6;5;0.0831
sofa;6;5;0.0763
cat;6;5;0.1571
horse;6;5;0.0666
boat;6;5;0.2286
all;6;5;0.3263
bus;6;5;0.1571
bird;6;5;0.1728
tvmonitor;6;5;0.0862
pottedplant;6;5;0.0771
sheep;6;5;0.1125
chair;6;5;0.1777
cow;6;5;0.0564
diningtable;7;15;0.1145
car;7;15;0.2140
person;7;15;0.4597
aeroplane;7;15;0.2460
dog;7;15;0.1575
bicycle;7;15;0.0820
train;7;15;0.1236
motorbike;7;15;0.1093
bottle;7;15;0.0790
sofa;7;15;0.0828
cat;7;15;0.1644
horse;7;15;0.0759
boat;7;15;0.1890
all;7;15;0.2460
bus;7;15;0.1868
bird;7;15;0.1406
tvmonitor;7;15;0.1163
pottedplant;7;15;0.1008
sheep;7;15;0.0896
chair;7;15;0.1621
cow;7;15;0.0782
diningtable;2;2;0.0661
car;2;2;0.1530
person;2;2;0.5035
aeroplane;2;2;0.3227
dog;2;2;0.1441
bicycle;2;2;0.0638
train;2;2;0.0972
motorbike;2;2;0.0836
bottle;2;2;0.0697
sofa;2;2;0.0699
cat;2;2;0.1376
horse;2;2;0.0504
boat;2;2;0.1835
all;2;2;0.3227
bus;2;2;0.1008
bird;2;2;0.1482
tvmonitor;2;2;0.0685
pottedplant;2;2;0.0653
sheep;2;2;0.1121
chair;2;2;0.1351
cow;2;2;0.0443
diningtable;1;13;0.1327
car;1;13;0.2108
person;1;13;0.4438
aeroplane;1;13;0.3360
dog;1;13;0.1641
bicycle;1;13;0.0674
train;1;13;0.1250
motorbike;1;13;0.0822
bottle;1;13;0.0871
sofa;1;13;0.0847
cat;1;13;0.1801
horse;1;13;0.0716
boat;1;13;0.2516
all;1;13;0.3360
bus;1;13;0.1698
bird;1;13;0.1825
tvmonitor;1;13;0.0943
pottedplant;1;13;0.0739
sheep;1;13;0.1281
chair;1;13;0.1704
cow;1;13;0.0696
diningtable;8;20;0.1082
car;8;20;0.2086
person;8;20;0.4611
aeroplane;8;20;0.2290
dog;8;20;0.1508
bicycle;8;20;0.0814
train;8;20;0.1229
motorbike;8;20;0.1045
bottle;8;20;0.0733
sofa;8;20;0.0748
cat;8;20;0.1585
horse;8;20;0.0707
boat;8;20;0.1624
all;8;20;0.2290
bus;8;20;0.1771
bird;8;20;0.1172
tvmonitor;8;20;0.1122
pottedplant;8;20;0.1005
sheep;8;20;0.0789
chair;8;20;0.1521
cow;8;20;0.0692
diningtable;9;2;0.0799
car;9;2;0.1596
person;9;2;0.5277
aeroplane;9;2;0.3254
dog;9;2;0.1429
bicycle;9;2;0.0658
train;9;2;0.0886
motorbike;9;2;0.0815
bottle;9;2;0.0742
sofa;9;2;0.0661
cat;9;2;0.1374
horse;9;2;0.0518
boat;9;2;0.1789
all;9;2;0.3254
bus;9;2;0.1055
bird;9;2;0.1427
tvmonitor;9;2;0.0719
pottedplant;9;2;0.0627
sheep;9;2;0.0964
chair;9;2;0.1438
cow;9;2;0.0474
diningtable;1;19;0.1404
car;1;19;0.2071
person;1;19;0.4254
aeroplane;1;19;0.3110
dog;1;19;0.1475
bicycle;1;19;0.0733
train;1;19;0.1194
motorbike;1;19;0.0888
bottle;1;19;0.0827
sofa;1;19;0.0798
cat;1;19;0.1659
horse;1;19;0.0782
boat;1;19;0.2510
all;1;19;0.3110
bus;1;19;0.1634
bird;1;19;0.1656
tvmonitor;1;19;0.0934
pottedplant;1;19;0.0825
sheep;1;19;0.1320
chair;1;19;0.1697
cow;1;19;0.0793
diningtable;1;11;0.1293
car;1;11;0.2085
person;1;11;0.4505
aeroplane;1;11;0.3411
dog;1;11;0.1731
bicycle;1;11;0.0674
train;1;11;0.1244
motorbike;1;11;0.0839
bottle;1;11;0.0891
sofa;1;11;0.0847
cat;1;11;0.1825
horse;1;11;0.0693
boat;1;11;0.2370
all;1;11;0.3411
bus;1;11;0.1687
bird;1;11;0.1901
tvmonitor;1;11;0.0935
pottedplant;1;11;0.0785
sheep;1;11;0.1326
chair;1;11;0.1722
cow;1;11;0.0683
diningtable;8;22;0.1053
car;8;22;0.2040
person;8;22;0.4612
aeroplane;8;22;0.2231
dog;8;22;0.1492
bicycle;8;22;0.0827
train;8;22;0.1224
motorbike;8;22;0.1040
bottle;8;22;0.0718
sofa;8;22;0.0744
cat;8;22;0.1577
horse;8;22;0.0686
boat;8;22;0.1535
all;8;22;0.2231
bus;8;22;0.1742
bird;8;22;0.1144
tvmonitor;8;22;0.1108
pottedplant;8;22;0.0984
sheep;8;22;0.0778
chair;8;22;0.1511
cow;8;22;0.0674
diningtable;4;21;0.1189
car;4;21;0.2023
person;4;21;0.4507
aeroplane;4;21;0.2516
dog;4;21;0.1497
bicycle;4;21;0.0799
train;4;21;0.1200
motorbike;4;21;0.1006
bottle;4;21;0.0780
sofa;4;21;0.0806
cat;4;21;0.1658
horse;4;21;0.0831
boat;4;21;0.1921
all;4;21;0.2516
bus;4;21;0.1768
bird;4;21;0.1301
tvmonitor;4;21;0.1122
pottedplant;4;21;0.1033
sheep;4;21;0.1005
chair;4;21;0.1619
cow;4;21;0.0845
diningtable;0;2;0.0586
car;0;2;0.0940
person;0;2;0.4419
aeroplane;0;2;0.2339
dog;0;2;0.1054
bicycle;0;2;0.0455
train;0;2;0.0503
motorbike;0;2;0.0458
bottle;0;2;0.0516
sofa;0;2;0.0527
cat;0;2;0.1145
horse;0;2;0.0376
boat;0;2;0.0764
all;0;2;0.2339
bus;0;2;0.0375
bird;0;2;0.1437
tvmonitor;0;2;0.0467
pottedplant;0;2;0.0459
sheep;0;2;0.0428
chair;0;2;0.0954
cow;0;2;0.0210
diningtable;4;22;0.1172
car;4;22;0.2006
person;4;22;0.4504
aeroplane;4;22;0.2503
dog;4;22;0.1489
bicycle;4;22;0.0806
train;4;22;0.1190
motorbike;4;22;0.1013
bottle;4;22;0.0776
sofa;4;22;0.0801
cat;4;22;0.1649
horse;4;22;0.0805
boat;4;22;0.1890
all;4;22;0.2503
bus;4;22;0.1765
bird;4;22;0.1268
tvmonitor;4;22;0.1122
pottedplant;4;22;0.1041
sheep;4;22;0.0985
chair;4;22;0.1623
cow;4;22;0.0839
diningtable;4;18;0.1236
car;4;18;0.2062
person;4;18;0.4516
aeroplane;4;18;0.2579
dog;4;18;0.1527
bicycle;4;18;0.0790
train;4;18;0.1175
motorbike;4;18;0.1051
bottle;4;18;0.0816
sofa;4;18;0.0820
cat;4;18;0.1671
horse;4;18;0.0827
boat;4;18;0.2058
all;4;18;0.2579
bus;4;18;0.1801
bird;4;18;0.1412
tvmonitor;4;18;0.1132
pottedplant;4;18;0.1006
sheep;4;18;0.1104
chair;4;18;0.1674
cow;4;18;0.0851
diningtable;8;21;0.1070
car;8;21;0.2065
person;8;21;0.4611
aeroplane;8;21;0.2263
dog;8;21;0.1499
bicycle;8;21;0.0821
train;8;21;0.1224
motorbike;8;21;0.1038
bottle;8;21;0.0723
sofa;8;21;0.0747
cat;8;21;0.1583
horse;8;21;0.0697
boat;8;21;0.1577
all;8;21;0.2263
bus;8;21;0.1753
bird;8;21;0.1156
tvmonitor;8;21;0.1111
pottedplant;8;21;0.0989
sheep;8;21;0.0784
chair;8;21;0.1516
cow;8;21;0.0680
diningtable;9;9;0.1249
car;9;9;0.2315
person;9;9;0.4655
aeroplane;9;9;0.2787
dog;9;9;0.1571
bicycle;9;9;0.0753
train;9;9;0.1262
motorbike;9;9;0.1026
bottle;9;9;0.0813
sofa;9;9;0.0844
cat;9;9;0.1669
horse;9;9;0.0707
boat;9;9;0.2137
all;9;9;0.2787
bus;9;9;0.1578
bird;9;9;0.1497
tvmonitor;9;9;0.1093
pottedplant;9;9;0.0879
sheep;9;9;0.0945
chair;9;9;0.1612
cow;9;9;0.0701
diningtable;6;14;0.1213
car;6;14;0.2167
person;6;14;0.4568
aeroplane;6;14;0.2578
dog;6;14;0.1593
bicycle;6;14;0.0820
train;6;14;0.1231
motorbike;6;14;0.1113
bottle;6;14;0.0823
sofa;6;14;0.0865
cat;6;14;0.1681
horse;6;14;0.0782
boat;6;14;0.2062
all;6;14;0.2578
bus;6;14;0.1775
bird;6;14;0.1493
tvmonitor;6;14;0.1156
pottedplant;6;14;0.0988
sheep;6;14;0.0959
chair;6;14;0.1652
cow;6;14;0.0799
diningtable;7;1;0.0692
car;7;1;0.1407
person;7;1;0.5272
aeroplane;7;1;0.3042
dog;7;1;0.1380
bicycle;7;1;0.0647
train;7;1;0.0801
motorbike;7;1;0.0804
bottle;7;1;0.0705
sofa;7;1;0.0616
cat;7;1;0.1322
horse;7;1;0.0499
boat;7;1;0.1407
all;7;1;0.3042
bus;7;1;0.0886
bird;7;1;0.1296
tvmonitor;7;1;0.0684
pottedplant;7;1;0.0617
sheep;7;1;0.0905
chair;7;1;0.1251
cow;7;1;0.0442
diningtable;4;8;0.1326
car;4;8;0.2213
person;4;8;0.4638
aeroplane;4;8;0.3177
dog;4;8;0.1635
bicycle;4;8;0.0703
train;4;8;0.1345
motorbike;4;8;0.0934
bottle;4;8;0.0872
sofa;4;8;0.0840
cat;4;8;0.1807
horse;4;8;0.0733
boat;4;8;0.2374
all;4;8;0.3177
bus;4;8;0.1742
bird;4;8;0.1678
tvmonitor;4;8;0.0972
pottedplant;4;8;0.0847
sheep;4;8;0.1254
chair;4;8;0.1769
cow;4;8;0.0679
diningtable;1;4;0.0900
car;1;4;0.1974
person;1;4;0.4816
aeroplane;1;4;0.3297
dog;1;4;0.1590
bicycle;1;4;0.0642
train;1;4;0.1180
motorbike;1;4;0.0855
bottle;1;4;0.0764
sofa;1;4;0.0701
cat;1;4;0.1554
horse;1;4;0.0553
boat;1;4;0.2007
all;1;4;0.3297
bus;1;4;0.1312
bird;1;4;0.1590
tvmonitor;1;4;0.0812
pottedplant;1;4;0.0715
sheep;1;4;0.1304
chair;1;4;0.1617
cow;1;4;0.0521
diningtable;9;16;0.1087
car;9;16;0.2148
person;9;16;0.4627
aeroplane;9;16;0.2374
dog;9;16;0.1549
bicycle;9;16;0.0809
train;9;16;0.1243
motorbike;9;16;0.1074
bottle;9;16;0.0757
sofa;9;16;0.0777
cat;9;16;0.1599
horse;9;16;0.0721
boat;9;16;0.1689
all;9;16;0.2374
bus;9;16;0.1834
bird;9;16;0.1264
tvmonitor;9;16;0.1147
pottedplant;9;16;0.1012
sheep;9;16;0.0818
chair;9;16;0.1544
cow;9;16;0.0712
diningtable;3;22;0.1209
car;3;22;0.1994
person;3;22;0.4464
aeroplane;3;22;0.2588
dog;3;22;0.1482
bicycle;3;22;0.0791
train;3;22;0.1185
motorbike;3;22;0.0977
bottle;3;22;0.0788
sofa;3;22;0.0814
cat;3;22;0.1635
horse;3;22;0.0864
boat;3;22;0.2016
all;3;22;0.2588
bus;3;22;0.1748
bird;3;22;0.1329
tvmonitor;3;22;0.1026
pottedplant;3;22;0.0992
sheep;3;22;0.1218
chair;3;22;0.1656
cow;3;22;0.0896
diningtable;8;12;0.1195
car;8;12;0.2243
person;8;12;0.4635
aeroplane;8;12;0.2651
dog;8;12;0.1585
bicycle;8;12;0.0797
train;8;12;0.1230
motorbike;8;12;0.1112
bottle;8;12;0.0792
sofa;8;12;0.0869
cat;8;12;0.1654
horse;8;12;0.0753
boat;8;12;0.1989
all;8;12;0.2651
bus;8;12;0.1677
bird;8;12;0.1509
tvmonitor;8;12;0.1133
pottedplant;8;12;0.0954
sheep;8;12;0.0890
chair;8;12;0.1619
cow;8;12;0.0763
diningtable;4;4;0.0994
car;4;4;0.2087
person;4;4;0.4894
aeroplane;4;4;0.3397
dog;4;4;0.1586
bicycle;4;4;0.0680
train;4;4;0.1117
motorbike;4;4;0.0886
bottle;4;4;0.0789
sofa;4;4;0.0719
cat;4;4;0.1529
horse;4;4;0.0608
boat;4;4;0.2263
all;4;4;0.3397
bus;4;4;0.1427
bird;4;4;0.1614
tvmonitor;4;4;0.0813
pottedplant;4;4;0.0724
sheep;4;4;0.1258
chair;4;4;0.1747
cow;4;4;0.0527
diningtable;4;23;0.1153
car;4;23;0.1984
person;4;23;0.4504
aeroplane;4;23;0.2483
dog;4;23;0.1482
bicycle;4;23;0.0810
train;4;23;0.1188
motorbike;4;23;0.1021
bottle;4;23;0.0763
sofa;4;23;0.0802
cat;4;23;0.1643
horse;4;23;0.0798
boat;4;23;0.1871
all;4;23;0.2483
bus;4;23;0.1759
bird;4;23;0.1232
tvmonitor;4;23;0.1090
pottedplant;4;23;0.1051
sheep;4;23;0.0969
chair;4;23;0.1621
cow;4;23;0.0840
diningtable;5;7;0.1296
car;5;7;0.2203
person;5;7;0.4692
aeroplane;5;7;0.3154
dog;5;7;0.1616
bicycle;5;7;0.0699
train;5;7;0.1348
motorbike;5;7;0.0931
bottle;5;7;0.0886
sofa;5;7;0.0812
cat;5;7;0.1698
horse;5;7;0.0720
boat;5;7;0.2359
all;5;7;0.3154
bus;5;7;0.1691
bird;5;7;0.1687
tvmonitor;5;7;0.0944
pottedplant;5;7;0.0826
sheep;5;7;0.1213
chair;5;7;0.1750
cow;5;7;0.0656
diningtable;8;14;0.1143
car;8;14;0.2185
person;8;14;0.4616
aeroplane;8;14;0.2469
dog;8;14;0.1574
bicycle;8;14;0.0808
train;8;14;0.1242
motorbike;8;14;0.1097
bottle;8;14;0.0791
sofa;8;14;0.0849
cat;8;14;0.1624
horse;8;14;0.0747
boat;8;14;0.1891
all;8;14;0.2469
bus;8;14;0.1812
bird;8;14;0.1433
tvmonitor;8;14;0.1158
pottedplant;8;14;0.0986
sheep;8;14;0.0866
chair;8;14;0.1606
cow;8;14;0.0764
diningtable;9;12;0.1170
car;9;12;0.2245
person;9;12;0.4639
aeroplane;9;12;0.2603
dog;9;12;0.1587
bicycle;9;12;0.0809
train;9;12;0.1229
motorbike;9;12;0.1100
bottle;9;12;0.0792
sofa;9;12;0.0858
cat;9;12;0.1640
horse;9;12;0.0737
boat;9;12;0.1922
all;9;12;0.2603
bus;9;12;0.1727
bird;9;12;0.1492
tvmonitor;9;12;0.1136
pottedplant;9;12;0.0954
sheep;9;12;0.0847
chair;9;12;0.1598
cow;9;12;0.0757
diningtable;0;24;0.0782
car;0;24;0.1682
person;0;24;0.3500
aeroplane;0;24;0.3064
dog;0;24;0.1345
bicycle;0;24;0.0641
train;0;24;0.0780
motorbike;0;24;0.0580
bottle;0;24;0.0808
sofa;0;24;0.0735
cat;0;24;0.1454
horse;0;24;0.0694
boat;0;24;0.1661
all;0;24;0.3064
bus;0;24;0.0654
bird;0;24;0.1472
tvmonitor;0;24;0.0714
pottedplant;0;24;0.0568
sheep;0;24;0.1296
chair;0;24;0.1440
cow;0;24;0.0649
diningtable;9;3;0.0925
car;9;3;0.1934
person;9;3;0.5015
aeroplane;9;3;0.3199
dog;9;3;0.1510
bicycle;9;3;0.0674
train;9;3;0.0977
motorbike;9;3;0.0830
bottle;9;3;0.0793
sofa;9;3;0.0695
cat;9;3;0.1439
horse;9;3;0.0564
boat;9;3;0.2072
all;9;3;0.3199
bus;9;3;0.1259
bird;9;3;0.1517
tvmonitor;9;3;0.0764
pottedplant;9;3;0.0659
sheep;9;3;0.1047
chair;9;3;0.1626
cow;9;3;0.0513
diningtable;9;11;0.1203
car;9;11;0.2279
person;9;11;0.4643
aeroplane;9;11;0.2669
dog;9;11;0.1589
bicycle;9;11;0.0785
train;9;11;0.1221
motorbike;9;11;0.1088
bottle;9;11;0.0794
sofa;9;11;0.0861
cat;9;11;0.1654
horse;9;11;0.0727
boat;9;11;0.1994
all;9;11;0.2669
bus;9;11;0.1660
bird;9;11;0.1514
tvmonitor;9;11;0.1137
pottedplant;9;11;0.0932
sheep;9;11;0.0873
chair;9;11;0.1603
cow;9;11;0.0704
diningtable;1;17;0.1347
car;1;17;0.2083
person;1;17;0.4337
aeroplane;1;17;0.3156
dog;1;17;0.1501
bicycle;1;17;0.0708
train;1;17;0.1191
motorbike;1;17;0.0876
bottle;1;17;0.0844
sofa;1;17;0.0807
cat;1;17;0.1709
horse;1;17;0.0769
boat;1;17;0.2497
all;1;17;0.3156
bus;1;17;0.1632
bird;1;17;0.1673
tvmonitor;1;17;0.0915
pottedplant;1;17;0.0738
sheep;1;17;0.1357
chair;1;17;0.1703
cow;1;17;0.0748
diningtable;2;8;0.1320
car;2;8;0.2126
person;2;8;0.4659
aeroplane;2;8;0.3362
dog;2;8;0.1697
bicycle;2;8;0.0688
train;2;8;0.1271
motorbike;2;8;0.0892
bottle;2;8;0.0888
sofa;2;8;0.0784
cat;2;8;0.1772
horse;2;8;0.0683
boat;2;8;0.2351
all;2;8;0.3362
bus;2;8;0.1649
bird;2;8;0.1779
tvmonitor;2;8;0.0957
pottedplant;2;8;0.0847
sheep;2;8;0.1297
chair;2;8;0.1766
cow;2;8;0.0649
diningtable;5;12;0.1325
car;5;12;0.2204
person;5;12;0.4576
aeroplane;5;12;0.2854
dog;5;12;0.1600
bicycle;5;12;0.0774
train;5;12;0.1204
motorbike;5;12;0.1071
bottle;5;12;0.0828
sofa;5;12;0.0880
cat;5;12;0.1746
horse;5;12;0.0796
boat;5;12;0.2258
all;5;12;0.2854
bus;5;12;0.1631
bird;5;12;0.1513
tvmonitor;5;12;0.1136
pottedplant;5;12;0.0913
sheep;5;12;0.1121
chair;5;12;0.1731
cow;5;12;0.0778
diningtable;6;11;0.1307
car;6;11;0.2218
person;6;11;0.4587
aeroplane;6;11;0.2803
dog;6;11;0.1593
bicycle;6;11;0.0769
train;6;11;0.1217
motorbike;6;11;0.1072
bottle;6;11;0.0818
sofa;6;11;0.0884
cat;6;11;0.1732
horse;6;11;0.0778
boat;6;11;0.2241
all;6;11;0.2803
bus;6;11;0.1597
bird;6;11;0.1509
tvmonitor;6;11;0.1125
pottedplant;6;11;0.0902
sheep;6;11;0.1087
chair;6;11;0.1702
cow;6;11;0.0750
diningtable;9;7;0.1296
car;9;7;0.2287
person;9;7;0.4702
aeroplane;9;7;0.2904
dog;9;7;0.1579
bicycle;9;7;0.0712
train;9;7;0.1333
motorbike;9;7;0.0960
bottle;9;7;0.0848
sofa;9;7;0.0815
cat;9;7;0.1655
horse;9;7;0.0690
boat;9;7;0.2197
all;9;7;0.2904
bus;9;7;0.1566
bird;9;7;0.1568
tvmonitor;9;7;0.0985
pottedplant;9;7;0.0824
sheep;9;7;0.1066
chair;9;7;0.1678
cow;9;7;0.0669
diningtable;0;16;0.1104
car;0;16;0.1618
person;0;16;0.3342
aeroplane;0;16;0.3080
dog;0;16;0.1580
bicycle;0;16;0.0672
train;0;16;0.0816
motorbike;0;16;0.0684
bottle;0;16;0.0874
sofa;0;16;0.0766
cat;0;16;0.1656
horse;0;16;0.0629
boat;0;16;0.1586
all;0;16;0.3080
bus;0;16;0.0812
bird;0;16;0.1722
tvmonitor;0;16;0.0736
pottedplant;0;16;0.0593
sheep;0;16;0.1337
chair;0;16;0.1493
cow;0;16;0.0671
diningtable;8;15;0.1108
car;8;15;0.2156
person;8;15;0.4614
aeroplane;8;15;0.2404
dog;8;15;0.1560
bicycle;8;15;0.0815
train;8;15;0.1241
motorbike;8;15;0.1097
bottle;8;15;0.0781
sofa;8;15;0.0818
cat;8;15;0.1623
horse;8;15;0.0742
boat;8;15;0.1800
all;8;15;0.2404
bus;8;15;0.1854
bird;8;15;0.1362
tvmonitor;8;15;0.1157
pottedplant;8;15;0.1011
sheep;8;15;0.0856
chair;8;15;0.1591
cow;8;15;0.0760
diningtable;0;20;0.0864
car;0;20;0.1688
person;0;20;0.3586
aeroplane;0;20;0.3055
dog;0;20;0.1498
bicycle;0;20;0.0658
train;0;20;0.0804
motorbike;0;20;0.0506
bottle;0;20;0.0828
sofa;0;20;0.0762
cat;0;20;0.1558
horse;0;20;0.0653
boat;0;20;0.1629
all;0;20;0.3055
bus;0;20;0.0671
bird;0;20;0.1586
tvmonitor;0;20;0.0745
pottedplant;0;20;0.0561
sheep;0;20;0.1308
chair;0;20;0.1471
cow;0;20;0.0664
diningtable;7;5;0.1115
car;7;5;0.2186
person;7;5;0.4847
aeroplane;7;5;0.3192
dog;7;5;0.1569
bicycle;7;5;0.0695
train;7;5;0.1231
motorbike;7;5;0.0907
bottle;7;5;0.0852
sofa;7;5;0.0766
cat;7;5;0.1571
horse;7;5;0.0655
boat;7;5;0.2249
all;7;5;0.3192
bus;7;5;0.1551
bird;7;5;0.1721
tvmonitor;7;5;0.0866
pottedplant;7;5;0.0766
sheep;7;5;0.1089
chair;7;5;0.1761
cow;7;5;0.0570
diningtable;4;24;0.1153
car;4;24;0.1965
person;4;24;0.4503
aeroplane;4;24;0.2447
dog;4;24;0.1474
bicycle;4;24;0.0809
train;4;24;0.1178
motorbike;4;24;0.1026
bottle;4;24;0.0753
sofa;4;24;0.0799
cat;4;24;0.1636
horse;4;24;0.0791
boat;4;24;0.1869
all;4;24;0.2447
bus;4;24;0.1746
bird;4;24;0.1201
tvmonitor;4;24;0.1068
pottedplant;4;24;0.1011
sheep;4;24;0.0940
chair;4;24;0.1620
cow;4;24;0.0836
diningtable;8;24;0.1053
car;8;24;0.1976
person;8;24;0.4612
aeroplane;8;24;0.2189
dog;8;24;0.1476
bicycle;8;24;0.0825
train;8;24;0.1213
motorbike;8;24;0.1036
bottle;8;24;0.0711
sofa;8;24;0.0721
cat;8;24;0.1560
horse;8;24;0.0655
boat;8;24;0.1476
all;8;24;0.2189
bus;8;24;0.1713
bird;8;24;0.1117
tvmonitor;8;24;0.1121
pottedplant;8;24;0.0955
sheep;8;24;0.0769
chair;8;24;0.1501
cow;8;24;0.0666
diningtable;7;6;0.1200
car;7;6;0.2247
person;7;6;0.4782
aeroplane;7;6;0.3106
dog;7;6;0.1580
bicycle;7;6;0.0693
train;7;6;0.1338
motorbike;7;6;0.0934
bottle;7;6;0.0840
sofa;7;6;0.0792
cat;7;6;0.1636
horse;7;6;0.0693
boat;7;6;0.2282
all;7;6;0.3106
bus;7;6;0.1659
bird;7;6;0.1701
tvmonitor;7;6;0.0915
pottedplant;7;6;0.0801
sheep;7;6;0.1122
chair;7;6;0.1730
cow;7;6;0.0609
diningtable;5;5;0.1116
car;5;5;0.2189
person;5;5;0.4841
aeroplane;5;5;0.3304
dog;5;5;0.1600
bicycle;5;5;0.0695
train;5;5;0.1257
motorbike;5;5;0.0902
bottle;5;5;0.0828
sofa;5;5;0.0757
cat;5;5;0.1576
horse;5;5;0.0669
boat;5;5;0.2330
all;5;5;0.3304
bus;5;5;0.1570
bird;5;5;0.1728
tvmonitor;5;5;0.0858
pottedplant;5;5;0.0775
sheep;5;5;0.1159
chair;5;5;0.1808
cow;5;5;0.0560
diningtable;5;20;0.1173
car;5;20;0.2030
person;5;20;0.4528
aeroplane;5;20;0.2451
dog;5;20;0.1506
bicycle;5;20;0.0801
train;5;20;0.1193
motorbike;5;20;0.1052
bottle;5;20;0.0776
sofa;5;20;0.0785
cat;5;20;0.1647
horse;5;20;0.0799
boat;5;20;0.1860
all;5;20;0.2451
bus;5;20;0.1768
bird;5;20;0.1273
tvmonitor;5;20;0.1133
pottedplant;5;20;0.1049
sheep;5;20;0.0949
chair;5;20;0.1601
cow;5;20;0.0850
diningtable;7;13;0.1198
car;7;13;0.2184
person;7;13;0.4618
aeroplane;7;13;0.2578
dog;7;13;0.1587
bicycle;7;13;0.0821
train;7;13;0.1224
motorbike;7;13;0.1119
bottle;7;13;0.0807
sofa;7;13;0.0877
cat;7;13;0.1658
horse;7;13;0.0767
boat;7;13;0.2032
all;7;13;0.2578
bus;7;13;0.1721
bird;7;13;0.1505
tvmonitor;7;13;0.1152
pottedplant;7;13;0.0970
sheep;7;13;0.0913
chair;7;13;0.1639
cow;7;13;0.0780
diningtable;4;16;0.1264
car;4;16;0.2086
person;4;16;0.4529
aeroplane;4;16;0.2710
dog;4;16;0.1567
bicycle;4;16;0.0820
train;4;16;0.1198
motorbike;4;16;0.1063
bottle;4;16;0.0830
sofa;4;16;0.0817
cat;4;16;0.1705
horse;4;16;0.0827
boat;4;16;0.2053
all;4;16;0.2710
bus;4;16;0.1765
bird;4;16;0.1474
tvmonitor;4;16;0.1125
pottedplant;4;16;0.0990
sheep;4;16;0.1202
chair;4;16;0.1720
cow;4;16;0.0822
diningtable;0;15;0.1116
car;0;15;0.1562
person;0;15;0.3471
aeroplane;0;15;0.3084
dog;0;15;0.1676
bicycle;0;15;0.0644
train;0;15;0.0810
motorbike;0;15;0.0686
bottle;0;15;0.0867
sofa;0;15;0.0765
cat;0;15;0.1638
horse;0;15;0.0624
boat;0;15;0.1535
all;0;15;0.3084
bus;0;15;0.0983
bird;0;15;0.1750
tvmonitor;0;15;0.0748
pottedplant;0;15;0.0593
sheep;0;15;0.1350
chair;0;15;0.1456
cow;0;15;0.0667
diningtable;1;22;0.1391
car;1;22;0.2056
person;1;22;0.4214
aeroplane;1;22;0.2878
dog;1;22;0.1461
bicycle;1;22;0.0733
train;1;22;0.1178
motorbike;1;22;0.0873
bottle;1;22;0.0812
sofa;1;22;0.0793
cat;1;22;0.1603
horse;1;22;0.0827
boat;1;22;0.2487
all;1;22;0.2878
bus;1;22;0.1694
bird;1;22;0.1459
tvmonitor;1;22;0.0959
pottedplant;1;22;0.0921
sheep;1;22;0.1443
chair;1;22;0.1680
cow;1;22;0.0811
diningtable;1;24;0.1399
car;1;24;0.2032
person;1;24;0.4200
aeroplane;1;24;0.2831
dog;1;24;0.1412
bicycle;1;24;0.0731
train;1;24;0.1122
motorbike;1;24;0.0896
bottle;1;24;0.0817
sofa;1;24;0.0790
cat;1;24;0.1566
horse;1;24;0.0811
boat;1;24;0.2480
all;1;24;0.2831
bus;1;24;0.1675
bird;1;24;0.1375
tvmonitor;1;24;0.0945
pottedplant;1;24;0.0921
sheep;1;24;0.1413
chair;1;24;0.1696
cow;1;24;0.0815
diningtable;2;1;0.0589
car;2;1;0.1212
person;2;1;0.5068
aeroplane;2;1;0.2994
dog;2;1;0.1365
bicycle;2;1;0.0640
train;2;1;0.0771
motorbike;2;1;0.0757
bottle;2;1;0.0690
sofa;2;1;0.0620
cat;2;1;0.1311
horse;2;1;0.0489
boat;2;1;0.1402
all;2;1;0.2994
bus;2;1;0.0827
bird;2;1;0.1308
tvmonitor;2;1;0.0636
pottedplant;2;1;0.0600
sheep;2;1;0.1002
chair;2;1;0.1175
cow;2;1;0.0434
diningtable;3;23;0.1196
car;3;23;0.1981
person;3;23;0.4460
aeroplane;3;23;0.2574
dog;3;23;0.1475
bicycle;3;23;0.0791
train;3;23;0.1176
motorbike;3;23;0.0976
bottle;3;23;0.0778
sofa;3;23;0.0811
cat;3;23;0.1621
horse;3;23;0.0846
boat;3;23;0.1994
all;3;23;0.2574
bus;3;23;0.1756
bird;3;23;0.1285
tvmonitor;3;23;0.1022
pottedplant;3;23;0.0983
sheep;3;23;0.1191
chair;3;23;0.1656
cow;3;23;0.0911
diningtable;0;18;0.1048
car;0;18;0.1661
person;0;18;0.3571
aeroplane;0;18;0.3098
dog;0;18;0.1487
bicycle;0;18;0.0673
train;0;18;0.0834
motorbike;0;18;0.0559
bottle;0;18;0.0866
sofa;0;18;0.0768
cat;0;18;0.1606
horse;0;18;0.0641
boat;0;18;0.1613
all;0;18;0.3098
bus;0;18;0.0700
bird;0;18;0.1673
tvmonitor;0;18;0.0738
pottedplant;0;18;0.0584
sheep;0;18;0.1324
chair;0;18;0.1479
cow;0;18;0.0667
diningtable;9;10;0.1229
car;9;10;0.2308
person;9;10;0.4647
aeroplane;9;10;0.2726
dog;9;10;0.1570
bicycle;9;10;0.0777
train;9;10;0.1224
motorbike;9;10;0.1069
bottle;9;10;0.0800
sofa;9;10;0.0864
cat;9;10;0.1670
horse;9;10;0.0723
boat;9;10;0.2083
all;9;10;0.2726
bus;9;10;0.1605
bird;9;10;0.1477
tvmonitor;9;10;0.1116
pottedplant;9;10;0.0918
sheep;9;10;0.0901
chair;9;10;0.1616
cow;9;10;0.0704
diningtable;4;9;0.1348
car;4;9;0.2205
person;4;9;0.4612
aeroplane;4;9;0.3100
dog;4;9;0.1602
bicycle;4;9;0.0718
train;4;9;0.1329
motorbike;4;9;0.0952
bottle;4;9;0.0856
sofa;4;9;0.0847
cat;4;9;0.1828
horse;4;9;0.0756
boat;4;9;0.2420
all;4;9;0.3100
bus;4;9;0.1674
bird;4;9;0.1627
tvmonitor;4;9;0.1011
pottedplant;4;9;0.0846
sheep;4;9;0.1270
chair;4;9;0.1752
cow;4;9;0.0705
diningtable;8;3;0.0914
car;8;3;0.1919
person;8;3;0.5007
aeroplane;8;3;0.3214
dog;8;3;0.1512
bicycle;8;3;0.0674
train;8;3;0.0988
motorbike;8;3;0.0834
bottle;8;3;0.0787
sofa;8;3;0.0702
cat;8;3;0.1447
horse;8;3;0.0562
boat;8;3;0.2084
all;8;3;0.3214
bus;8;3;0.1262
bird;8;3;0.1527
tvmonitor;8;3;0.0763
pottedplant;8;3;0.0663
sheep;8;3;0.1068
chair;8;3;0.1621
cow;8;3;0.0506
diningtable;5;16;0.1208
car;5;16;0.2100
person;5;16;0.4544
aeroplane;5;16;0.2592
dog;5;16;0.1569
bicycle;5;16;0.0819
train;5;16;0.1218
motorbike;5;16;0.1081
bottle;5;16;0.0819
sofa;5;16;0.0816
cat;5;16;0.1671
horse;5;16;0.0802
boat;5;16;0.2026
all;5;16;0.2592
bus;5;16;0.1811
bird;5;16;0.1423
tvmonitor;5;16;0.1125
pottedplant;5;16;0.1028
sheep;5;16;0.1001
chair;5;16;0.1668
cow;5;16;0.0830
diningtable;1;1;0.0490
car;1;1;0.1254
person;1;1;0.4986
aeroplane;1;1;0.2880
dog;1;1;0.1343
bicycle;1;1;0.0523
train;1;1;0.0728
motorbike;1;1;0.0706
bottle;1;1;0.0727
sofa;1;1;0.0639
cat;1;1;0.1274
horse;1;1;0.0466
boat;1;1;0.1365
all;1;1;0.2880
bus;1;1;0.0700
bird;1;1;0.1341
tvmonitor;1;1;0.0597
pottedplant;1;1;0.0536
sheep;1;1;0.0758
chair;1;1;0.1163
cow;1;1;0.0436
diningtable;6;7;0.1296
car;6;7;0.2231
person;6;7;0.4679
aeroplane;6;7;0.3106
dog;6;7;0.1604
bicycle;6;7;0.0697
train;6;7;0.1354
motorbike;6;7;0.0931
bottle;6;7;0.0876
sofa;6;7;0.0813
cat;6;7;0.1683
horse;6;7;0.0721
boat;6;7;0.2314
all;6;7;0.3106
bus;6;7;0.1654
bird;6;7;0.1663
tvmonitor;6;7;0.0949
pottedplant;6;7;0.0825
sheep;6;7;0.1210
chair;6;7;0.1745
cow;6;7;0.0663
diningtable;3;1;0.0627
car;3;1;0.1354
person;3;1;0.5149
aeroplane;3;1;0.2989
dog;3;1;0.1378
bicycle;3;1;0.0630
train;3;1;0.0838
motorbike;3;1;0.0804
bottle;3;1;0.0645
sofa;3;1;0.0639
cat;3;1;0.1316
horse;3;1;0.0493
boat;3;1;0.1388
all;3;1;0.2989
bus;3;1;0.0849
bird;3;1;0.1310
tvmonitor;3;1;0.0666
pottedplant;3;1;0.0646
sheep;3;1;0.0975
chair;3;1;0.1189
cow;3;1;0.0428
diningtable;5;18;0.1197
car;5;18;0.2053
person;5;18;0.4532
aeroplane;5;18;0.2493
dog;5;18;0.1532
bicycle;5;18;0.0792
train;5;18;0.1196
motorbike;5;18;0.1096
bottle;5;18;0.0795
sofa;5;18;0.0814
cat;5;18;0.1647
horse;5;18;0.0820
boat;5;18;0.1974
all;5;18;0.2493
bus;5;18;0.1798
bird;5;18;0.1352
tvmonitor;5;18;0.1119
pottedplant;5;18;0.1030
sheep;5;18;0.0972
chair;5;18;0.1645
cow;5;18;0.0848
diningtable;8;5;0.1115
car;8;5;0.2184
person;8;5;0.4842
aeroplane;8;5;0.3115
dog;8;5;0.1549
bicycle;8;5;0.0692
train;8;5;0.1224
motorbike;8;5;0.0907
bottle;8;5;0.0857
sofa;8;5;0.0759
cat;8;5;0.1572
horse;8;5;0.0661
boat;8;5;0.2203
all;8;5;0.3115
bus;8;5;0.1553
bird;8;5;0.1704
tvmonitor;8;5;0.0867
pottedplant;8;5;0.0760
sheep;8;5;0.1050
chair;8;5;0.1746
cow;8;5;0.0585
diningtable;7;9;0.1313
car;7;9;0.2293
person;7;9;0.4625
aeroplane;7;9;0.2871
dog;7;9;0.1586
bicycle;7;9;0.0740
train;7;9;0.1284
motorbike;7;9;0.0994
bottle;7;9;0.0819
sofa;7;9;0.0846
cat;7;9;0.1728
horse;7;9;0.0715
boat;7;9;0.2242
all;7;9;0.2871
bus;7;9;0.1579
bird;7;9;0.1526
tvmonitor;7;9;0.1057
pottedplant;7;9;0.0855
sheep;7;9;0.1102
chair;7;9;0.1695
cow;7;9;0.0710
diningtable;5;23;0.1138
car;5;23;0.1983
person;5;23;0.4527
aeroplane;5;23;0.2409
dog;5;23;0.1487
bicycle;5;23;0.0814
train;5;23;0.1196
motorbike;5;23;0.1054
bottle;5;23;0.0748
sofa;5;23;0.0770
cat;5;23;0.1637
horse;5;23;0.0752
boat;5;23;0.1753
all;5;23;0.2409
bus;5;23;0.1732
bird;5;23;0.1192
tvmonitor;5;23;0.1074
pottedplant;5;23;0.1050
sheep;5;23;0.0896
chair;5;23;0.1569
cow;5;23;0.0797
diningtable;9;5;0.1116
car;9;5;0.2207
person;9;5;0.4835
aeroplane;9;5;0.3065
dog;9;5;0.1533
bicycle;9;5;0.0692
train;9;5;0.1223
motorbike;9;5;0.0909
bottle;9;5;0.0853
sofa;9;5;0.0756
cat;9;5;0.1564
horse;9;5;0.0665
boat;9;5;0.2174
all;9;5;0.3065
bus;9;5;0.1562
bird;9;5;0.1675
tvmonitor;9;5;0.0869
pottedplant;9;5;0.0757
sheep;9;5;0.1009
chair;9;5;0.1746
cow;9;5;0.0596
diningtable;3;3;0.0856
car;3;3;0.1832
person;3;3;0.4948
aeroplane;3;3;0.3526
dog;3;3;0.1526
bicycle;3;3;0.0678
train;3;3;0.1082
motorbike;3;3;0.0852
bottle;3;3;0.0771
sofa;3;3;0.0717
cat;3;3;0.1487
horse;3;3;0.0547
boat;3;3;0.2057
all;3;3;0.3526
bus;3;3;0.1272
bird;3;3;0.1556
tvmonitor;3;3;0.0775
pottedplant;3;3;0.0706
sheep;3;3;0.1286
chair;3;3;0.1600
cow;3;3;0.0491
diningtable;7;2;0.0785
car;7;2;0.1588
person;7;2;0.5238
aeroplane;7;2;0.3282
dog;7;2;0.1438
bicycle;7;2;0.0661
train;7;2;0.0893
motorbike;7;2;0.0823
bottle;7;2;0.0743
sofa;7;2;0.0670
cat;7;2;0.1381
horse;7;2;0.0523
boat;7;2;0.1793
all;7;2;0.3282
bus;7;2;0.1079
bird;7;2;0.1454
tvmonitor;7;2;0.0712
pottedplant;7;2;0.0641
sheep;7;2;0.1021
chair;7;2;0.1415
cow;7;2;0.0463
diningtable;3;4;0.0970
car;3;4;0.2018
person;3;4;0.4871
aeroplane;3;4;0.3527
dog;3;4;0.1588
bicycle;3;4;0.0679
train;3;4;0.1129
motorbike;3;4;0.0884
bottle;3;4;0.0785
sofa;3;4;0.0718
cat;3;4;0.1537
horse;3;4;0.0588
boat;3;4;0.2247
all;3;4;0.3527
bus;3;4;0.1416
bird;3;4;0.1637
tvmonitor;3;4;0.0812
pottedplant;3;4;0.0734
sheep;3;4;0.1281
chair;3;4;0.1723
cow;3;4;0.0510
diningtable;1;16;0.1361
car;1;16;0.2100
person;1;16;0.4373
aeroplane;1;16;0.3309
dog;1;16;0.1524
bicycle;1;16;0.0689
train;1;16;0.1196
motorbike;1;16;0.0859
bottle;1;16;0.0855
sofa;1;16;0.0817
cat;1;16;0.1722
horse;1;16;0.0758
boat;1;16;0.2503
all;1;16;0.3309
bus;1;16;0.1623
bird;1;16;0.1688
tvmonitor;1;16;0.0929
pottedplant;1;16;0.0715
sheep;1;16;0.1308
chair;1;16;0.1732
cow;1;16;0.0727
diningtable;6;23;0.1103
car;6;23;0.1969
person;6;23;0.4546
aeroplane;6;23;0.2343
dog;6;23;0.1491
bicycle;6;23;0.0813
train;6;23;0.1197
motorbike;6;23;0.1059
bottle;6;23;0.0731
sofa;6;23;0.0754
cat;6;23;0.1605
horse;6;23;0.0713
boat;6;23;0.1651
all;6;23;0.2343
bus;6;23;0.1697
bird;6;23;0.1161
tvmonitor;6;23;0.1092
pottedplant;6;23;0.1020
sheep;6;23;0.0839
chair;6;23;0.1540
cow;6;23;0.0734
diningtable;8;6;0.1211
car;8;6;0.2273
person;8;6;0.4766
aeroplane;8;6;0.3039
dog;8;6;0.1570
bicycle;8;6;0.0696
train;8;6;0.1318
motorbike;8;6;0.0934
bottle;8;6;0.0850
sofa;8;6;0.0790
cat;8;6;0.1615
horse;8;6;0.0691
boat;8;6;0.2248
all;8;6;0.3039
bus;8;6;0.1648
bird;8;6;0.1680
tvmonitor;8;6;0.0920
pottedplant;8;6;0.0793
sheep;8;6;0.1063
chair;8;6;0.1719
cow;8;6;0.0621
diningtable;5;8;0.1330
car;5;8;0.2239
person;5;8;0.4635
aeroplane;5;8;0.3102
dog;5;8;0.1610
bicycle;5;8;0.0707
train;5;8;0.1352
motorbike;5;8;0.0948
bottle;5;8;0.0855
sofa;5;8;0.0839
cat;5;8;0.1785
horse;5;8;0.0721
boat;5;8;0.2339
all;5;8;0.3102
bus;5;8;0.1683
bird;5;8;0.1610
tvmonitor;5;8;0.0981
pottedplant;5;8;0.0842
sheep;5;8;0.1261
chair;5;8;0.1753
cow;5;8;0.0688
diningtable;5;22;0.1150
car;5;22;0.1998
person;5;22;0.4528
aeroplane;5;22;0.2432
dog;5;22;0.1495
bicycle;5;22;0.0808
train;5;22;0.1201
motorbike;5;22;0.1052
bottle;5;22;0.0757
sofa;5;22;0.0772
cat;5;22;0.1643
horse;5;22;0.0760
boat;5;22;0.1773
all;5;22;0.2432
bus;5;22;0.1750
bird;5;22;0.1208
tvmonitor;5;22;0.1108
pottedplant;5;22;0.1064
sheep;5;22;0.0909
chair;5;22;0.1575
cow;5;22;0.0799
diningtable;7;10;0.1283
car;7;10;0.2252
person;7;10;0.4622
aeroplane;7;10;0.2813
dog;7;10;0.1580
bicycle;7;10;0.0759
train;7;10;0.1250
motorbike;7;10;0.1030
bottle;7;10;0.0809
sofa;7;10;0.0863
cat;7;10;0.1732
horse;7;10;0.0730
boat;7;10;0.2191
all;7;10;0.2813
bus;7;10;0.1585
bird;7;10;0.1519
tvmonitor;7;10;0.1087
pottedplant;7;10;0.0893
sheep;7;10;0.1019
chair;7;10;0.1674
cow;7;10;0.0734
diningtable;0;21;0.0841
car;0;21;0.1692
person;0;21;0.3254
aeroplane;0;21;0.3092
dog;0;21;0.1411
bicycle;0;21;0.0644
train;0;21;0.0775
motorbike;0;21;0.0511
bottle;0;21;0.0813
sofa;0;21;0.0758
cat;0;21;0.1560
horse;0;21;0.0657
boat;0;21;0.1641
all;0;21;0.3092
bus;0;21;0.0663
bird;0;21;0.1530
tvmonitor;0;21;0.0739
pottedplant;0;21;0.0545
sheep;0;21;0.1317
chair;0;21;0.1472
cow;0;21;0.0659
diningtable;4;20;0.1208
car;4;20;0.2032
person;4;20;0.4509
aeroplane;4;20;0.2516
dog;4;20;0.1500
bicycle;4;20;0.0797
train;4;20;0.1186
motorbike;4;20;0.1045
bottle;4;20;0.0792
sofa;4;20;0.0808
cat;4;20;0.1657
horse;4;20;0.0846
boat;4;20;0.1981
all;4;20;0.2516
bus;4;20;0.1771
bird;4;20;0.1336
tvmonitor;4;20;0.1117
pottedplant;4;20;0.1022
sheep;4;20;0.1047
chair;4;20;0.1627
cow;4;20;0.0842
diningtable;2;21;0.1340
car;2;21;0.2016
person;2;21;0.4348
aeroplane;2;21;0.2696
dog;2;21;0.1500
bicycle;2;21;0.0772
train;2;21;0.1161
motorbike;2;21;0.0941
bottle;2;21;0.0821
sofa;2;21;0.0807
cat;2;21;0.1643
horse;2;21;0.0859
boat;2;21;0.2175
all;2;21;0.2696
bus;2;21;0.1772
bird;2;21;0.1355
tvmonitor;2;21;0.1040
pottedplant;2;21;0.0936
sheep;2;21;0.1318
chair;2;21;0.1690
cow;2;21;0.0920
diningtable;7;19;0.1119
car;7;19;0.2088
person;7;19;0.4594
aeroplane;7;19;0.2365
dog;7;19;0.1530
bicycle;7;19;0.0804
train;7;19;0.1227
motorbike;7;19;0.1077
bottle;7;19;0.0749
sofa;7;19;0.0762
cat;7;19;0.1601
horse;7;19;0.0751
boat;7;19;0.1715
all;7;19;0.2365
bus;7;19;0.1769
bird;7;19;0.1221
tvmonitor;7;19;0.1138
pottedplant;7;19;0.1027
sheep;7;19;0.0846
chair;7;19;0.1552
cow;7;19;0.0746
diningtable;3;16;0.1327
car;3;16;0.2123
person;3;16;0.4487
aeroplane;3;16;0.2818
dog;3;16;0.1555
bicycle;3;16;0.0799
train;3;16;0.1180
motorbike;3;16;0.1011
bottle;3;16;0.0836
sofa;3;16;0.0816
cat;3;16;0.1736
horse;3;16;0.0835
boat;3;16;0.2201
all;3;16;0.2818
bus;3;16;0.1744
bird;3;16;0.1507
tvmonitor;3;16;0.1098
pottedplant;3;16;0.0949
sheep;3;16;0.1310
chair;3;16;0.1741
cow;3;16;0.0858
diningtable;7;24;0.1063
car;7;24;0.1962
person;7;24;0.4593
aeroplane;7;24;0.2238
dog;7;24;0.1484
bicycle;7;24;0.0823
train;7;24;0.1195
motorbike;7;24;0.1046
bottle;7;24;0.0720
sofa;7;24;0.0739
cat;7;24;0.1563
horse;7;24;0.0676
boat;7;24;0.1535
all;7;24;0.2238
bus;7;24;0.1703
bird;7;24;0.1136
tvmonitor;7;24;0.1094
pottedplant;7;24;0.0984
sheep;7;24;0.0790
chair;7;24;0.1525
cow;7;24;0.0680
diningtable;2;10;0.1344
car;2;10;0.2111
person;2;10;0.4512
aeroplane;2;10;0.3176
dog;2;10;0.1684
bicycle;2;10;0.0698
train;2;10;0.1323
motorbike;2;10;0.0904
bottle;2;10;0.0874
sofa;2;10;0.0817
cat;2;10;0.1853
horse;2;10;0.0720
boat;2;10;0.2454
all;2;10;0.3176
bus;2;10;0.1758
bird;2;10;0.1780
tvmonitor;2;10;0.0973
pottedplant;2;10;0.0833
sheep;2;10;0.1284
chair;2;10;0.1737
cow;2;10;0.0681
diningtable;0;8;0.0804
car;0;8;0.1477
person;0;8;0.3488
aeroplane;0;8;0.2855
dog;0;8;0.1566
bicycle;0;8;0.0431
train;0;8;0.0854
motorbike;0;8;0.0580
bottle;0;8;0.0938
sofa;0;8;0.0632
cat;0;8;0.1508
horse;0;8;0.0498
boat;0;8;0.1409
all;0;8;0.2855
bus;0;8;0.0956
bird;0;8;0.1301
tvmonitor;0;8;0.0723
pottedplant;0;8;0.0439
sheep;0;8;0.1250
chair;0;8;0.1630
cow;0;8;0.0550
diningtable;0;9;0.1025
car;0;9;0.1444
person;0;9;0.3271
aeroplane;0;9;0.2950
dog;0;9;0.1717
bicycle;0;9;0.0489
train;0;9;0.1180
motorbike;0;9;0.0581
bottle;0;9;0.0932
sofa;0;9;0.0679
cat;0;9;0.1428
horse;0;9;0.0597
boat;0;9;0.1402
all;0;9;0.2950
bus;0;9;0.1016
bird;0;9;0.1353
tvmonitor;0;9;0.0730
pottedplant;0;9;0.0433
sheep;0;9;0.1353
chair;0;9;0.1484
cow;0;9;0.0569
diningtable;9;23;0.1041
car;9;23;0.2013
person;9;23;0.4626
aeroplane;9;23;0.2186
dog;9;23;0.1477
bicycle;9;23;0.0826
train;9;23;0.1226
motorbike;9;23;0.1044
bottle;9;23;0.0709
sofa;9;23;0.0720
cat;9;23;0.1557
horse;9;23;0.0650
boat;9;23;0.1435
all;9;23;0.2186
bus;9;23;0.1725
bird;9;23;0.1125
tvmonitor;9;23;0.1106
pottedplant;9;23;0.0961
sheep;9;23;0.0747
chair;9;23;0.1471
cow;9;23;0.0641
diningtable;0;1;0.0420
car;0;1;0.1197
person;0;1;0.4373
aeroplane;0;1;0.2786
dog;0;1;0.1016
bicycle;0;1;0.0521
train;0;1;0.0410
motorbike;0;1;0.0488
bottle;0;1;0.0737
sofa;0;1;0.0421
cat;0;1;0.1064
horse;0;1;0.0388
boat;0;1;0.0639
all;0;1;0.2786
bus;0;1;0.0392
bird;0;1;0.1331
tvmonitor;0;1;0.0547
pottedplant;0;1;0.0425
sheep;0;1;0.0676
chair;0;1;0.0881
cow;0;1;0.0294
diningtable;8;7;0.1295
car;8;7;0.2290
person;8;7;0.4708
aeroplane;8;7;0.2939
dog;8;7;0.1575
bicycle;8;7;0.0708
train;8;7;0.1336
motorbike;8;7;0.0955
bottle;8;7;0.0848
sofa;8;7;0.0816
cat;8;7;0.1679
horse;8;7;0.0689
boat;8;7;0.2262
all;8;7;0.2939
bus;8;7;0.1567
bird;8;7;0.1593
tvmonitor;8;7;0.0975
pottedplant;8;7;0.0818
sheep;8;7;0.1113
chair;8;7;0.1720
cow;8;7;0.0671
diningtable;4;15;0.1286
car;4;15;0.2143
person;4;15;0.4534
aeroplane;4;15;0.2740
dog;4;15;0.1586
bicycle;4;15;0.0809
train;4;15;0.1221
motorbike;4;15;0.1091
bottle;4;15;0.0836
sofa;4;15;0.0839
cat;4;15;0.1734
horse;4;15;0.0820
boat;4;15;0.2134
all;4;15;0.2740
bus;4;15;0.1763
bird;4;15;0.1498
tvmonitor;4;15;0.1106
pottedplant;4;15;0.0976
sheep;4;15;0.1208
chair;4;15;0.1724
cow;4;15;0.0820
diningtable;6;6;0.1195
car;6;6;0.2227
person;6;6;0.4783
aeroplane;6;6;0.3222
dog;6;6;0.1589
bicycle;6;6;0.0694
train;6;6;0.1350
motorbike;6;6;0.0935
bottle;6;6;0.0838
sofa;6;6;0.0786
cat;6;6;0.1652
horse;6;6;0.0682
boat;6;6;0.2298
all;6;6;0.3222
bus;6;6;0.1627
bird;6;6;0.1736
tvmonitor;6;6;0.0915
pottedplant;6;6;0.0807
sheep;6;6;0.1151
chair;6;6;0.1768
cow;6;6;0.0604
diningtable;5;14;0.1256
car;5;14;0.2175
person;5;14;0.4555
aeroplane;5;14;0.2683
dog;5;14;0.1597
bicycle;5;14;0.0802
train;5;14;0.1227
motorbike;5;14;0.1107
bottle;5;14;0.0834
sofa;5;14;0.0866
cat;5;14;0.1713
horse;5;14;0.0794
boat;5;14;0.2121
all;5;14;0.2683
bus;5;14;0.1729
bird;5;14;0.1492
tvmonitor;5;14;0.1122
pottedplant;5;14;0.0972
sheep;5;14;0.1063
chair;5;14;0.1677
cow;5;14;0.0781
diningtable;2;12;0.1340
car;2;12;0.2165
person;2;12;0.4462
aeroplane;2;12;0.3071
dog;2;12;0.1633
bicycle;2;12;0.0701
train;2;12;0.1304
motorbike;2;12;0.0898
bottle;2;12;0.0868
sofa;2;12;0.0830
cat;2;12;0.1835
horse;2;12;0.0758
boat;2;12;0.2480
all;2;12;0.3071
bus;2;12;0.1725
bird;2;12;0.1724
tvmonitor;2;12;0.1048
pottedplant;2;12;0.0795
sheep;2;12;0.1265
chair;2;12;0.1762
cow;2;12;0.0711
diningtable;3;12;0.1357
car;3;12;0.2207
person;3;12;0.4529
aeroplane;3;12;0.2963
dog;3;12;0.1616
bicycle;3;12;0.0724
train;3;12;0.1224
motorbike;3;12;0.0948
bottle;3;12;0.0855
sofa;3;12;0.0866
cat;3;12;0.1819
horse;3;12;0.0787
boat;3;12;0.2437
all;3;12;0.2963
bus;3;12;0.1625
bird;3;12;0.1586
tvmonitor;3;12;0.1074
pottedplant;3;12;0.0829
sheep;3;12;0.1218
chair;3;12;0.1758
cow;3;12;0.0770
diningtable;4;3;0.0874
car;4;3;0.1846
person;4;3;0.4953
aeroplane;4;3;0.3446
dog;4;3;0.1518
bicycle;4;3;0.0672
train;4;3;0.1052
motorbike;4;3;0.0860
bottle;4;3;0.0775
sofa;4;3;0.0721
cat;4;3;0.1476
horse;4;3;0.0552
boat;4;3;0.2101
all;4;3;0.3446
bus;4;3;0.1249
bird;4;3;0.1540
tvmonitor;4;3;0.0765
pottedplant;4;3;0.0689
sheep;4;3;0.1238
chair;4;3;0.1619
cow;4;3;0.0488
diningtable;6;1;0.0688
car;6;1;0.1413
person;6;1;0.5249
aeroplane;6;1;0.3036
dog;6;1;0.1381
bicycle;6;1;0.0651
train;6;1;0.0798
motorbike;6;1;0.0810
bottle;6;1;0.0697
sofa;6;1;0.0620
cat;6;1;0.1330
horse;6;1;0.0495
boat;6;1;0.1402
all;6;1;0.3036
bus;6;1;0.0887
bird;6;1;0.1298
tvmonitor;6;1;0.0677
pottedplant;6;1;0.0634
sheep;6;1;0.0890
chair;6;1;0.1245
cow;6;1;0.0437
diningtable;6;12;0.1275
car;6;12;0.2217
person;6;12;0.4591
aeroplane;6;12;0.2738
dog;6;12;0.1594
bicycle;6;12;0.0785
train;6;12;0.1196
motorbike;6;12;0.1092
bottle;6;12;0.0813
sofa;6;12;0.0892
cat;6;12;0.1703
horse;6;12;0.0791
boat;6;12;0.2186
all;6;12;0.2738
bus;6;12;0.1628
bird;6;12;0.1506
tvmonitor;6;12;0.1144
pottedplant;6;12;0.0960
sheep;6;12;0.0997
chair;6;12;0.1690
cow;6;12;0.0760
diningtable;9;19;0.1072
car;9;19;0.2097
person;9;19;0.4625
aeroplane;9;19;0.2277
dog;9;19;0.1515
bicycle;9;19;0.0803
train;9;19;0.1242
motorbike;9;19;0.1063
bottle;9;19;0.0730
sofa;9;19;0.0751
cat;9;19;0.1582
horse;9;19;0.0691
boat;9;19;0.1566
all;9;19;0.2277
bus;9;19;0.1768
bird;9;19;0.1177
tvmonitor;9;19;0.1136
pottedplant;9;19;0.0990
sheep;9;19;0.0784
chair;9;19;0.1501
cow;9;19;0.0683
diningtable;5;9;0.1357
car;5;9;0.2255
person;5;9;0.4617
aeroplane;5;9;0.3002
dog;5;9;0.1579
bicycle;5;9;0.0726
train;5;9;0.1327
motorbike;5;9;0.0973
bottle;5;9;0.0848
sofa;5;9;0.0848
cat;5;9;0.1799
horse;5;9;0.0736
boat;5;9;0.2366
all;5;9;0.3002
bus;5;9;0.1589
bird;5;9;0.1588
tvmonitor;5;9;0.1035
pottedplant;5;9;0.0851
sheep;5;9;0.1239
chair;5;9;0.1747
cow;5;9;0.0726
diningtable;3;15;0.1349
car;3;15;0.2145
person;3;15;0.4496
aeroplane;3;15;0.2828
dog;3;15;0.1559
bicycle;3;15;0.0784
train;3;15;0.1193
motorbike;3;15;0.1016
bottle;3;15;0.0840
sofa;3;15;0.0824
cat;3;15;0.1754
horse;3;15;0.0819
boat;3;15;0.2282
all;3;15;0.2828
bus;3;15;0.1691
bird;3;15;0.1511
tvmonitor;3;15;0.1085
pottedplant;3;15;0.0925
sheep;3;15;0.1334
chair;3;15;0.1784
cow;3;15;0.0863
diningtable;1;15;0.1318
car;1;15;0.2106
person;1;15;0.4404
aeroplane;1;15;0.3356
dog;1;15;0.1547
bicycle;1;15;0.0684
train;1;15;0.1206
motorbike;1;15;0.0844
bottle;1;15;0.0855
sofa;1;15;0.0821
cat;1;15;0.1752
horse;1;15;0.0749
boat;1;15;0.2483
all;1;15;0.3356
bus;1;15;0.1626
bird;1;15;0.1704
tvmonitor;1;15;0.0935
pottedplant;1;15;0.0702
sheep;1;15;0.1302
chair;1;15;0.1720
cow;1;15;0.0715
diningtable;2;19;0.1357
car;2;19;0.2039
person;2;19;0.4366
aeroplane;2;19;0.2760
dog;2;19;0.1520
bicycle;2;19;0.0786
train;2;19;0.1171
motorbike;2;19;0.0932
bottle;2;19;0.0837
sofa;2;19;0.0815
cat;2;19;0.1679
horse;2;19;0.0846
boat;2;19;0.2231
all;2;19;0.2760
bus;2;19;0.1797
bird;2;19;0.1401
tvmonitor;2;19;0.1050
pottedplant;2;19;0.0928
sheep;2;19;0.1362
chair;2;19;0.1731
cow;2;19;0.0908
diningtable;3;5;0.1091
car;3;5;0.2136
person;3;5;0.4837
aeroplane;3;5;0.3409
dog;3;5;0.1628
bicycle;3;5;0.0688
train;3;5;0.1274
motorbike;3;5;0.0882
bottle;3;5;0.0823
sofa;3;5;0.0739
cat;3;5;0.1593
horse;3;5;0.0634
boat;3;5;0.2343
all;3;5;0.3409
bus;3;5;0.1501
bird;3;5;0.1722
tvmonitor;3;5;0.0859
pottedplant;3;5;0.0773
sheep;3;5;0.1296
chair;3;5;0.1822
cow;3;5;0.0551
diningtable;0;11;0.1115
car;0;11;0.1454
person;0;11;0.3462
aeroplane;0;11;0.3022
dog;0;11;0.1772
bicycle;0;11;0.0387
train;0;11;0.0884
motorbike;0;11;0.0631
bottle;0;11;0.0885
sofa;0;11;0.0737
cat;0;11;0.1637
horse;0;11;0.0631
boat;0;11;0.1392
all;0;11;0.3022
bus;0;11;0.1074
bird;0;11;0.1427
tvmonitor;0;11;0.0820
pottedplant;0;11;0.0370
sheep;0;11;0.1351
chair;0;11;0.1490
cow;0;11;0.0632
diningtable;0;17;0.1088
car;0;17;0.1646
person;0;17;0.3356
aeroplane;0;17;0.3094
dog;0;17;0.1529
bicycle;0;17;0.0674
train;0;17;0.0827
motorbike;0;17;0.0647
bottle;0;17;0.0869
sofa;0;17;0.0767
cat;0;17;0.1635
horse;0;17;0.0635
boat;0;17;0.1612
all;0;17;0.3094
bus;0;17;0.0735
bird;0;17;0.1710
tvmonitor;0;17;0.0736
pottedplant;0;17;0.0591
sheep;0;17;0.1332
chair;0;17;0.1471
cow;0;17;0.0669
diningtable;6;2;0.0772
car;6;2;0.1582
person;6;2;0.5204
aeroplane;6;2;0.3299
dog;6;2;0.1443
bicycle;6;2;0.0660
train;6;2;0.0896
motorbike;6;2;0.0832
bottle;6;2;0.0739
sofa;6;2;0.0673
cat;6;2;0.1388
horse;6;2;0.0526
boat;6;2;0.1820
all;6;2;0.3299
bus;6;2;0.1077
bird;6;2;0.1449
tvmonitor;6;2;0.0708
pottedplant;6;2;0.0651
sheep;6;2;0.1018
chair;6;2;0.1402
cow;6;2;0.0456
diningtable;6;3;0.0892
car;6;3;0.1882
person;6;3;0.4992
aeroplane;6;3;0.3286
dog;6;3;0.1521
bicycle;6;3;0.0675
train;6;3;0.1022
motorbike;6;3;0.0849
bottle;6;3;0.0773
sofa;6;3;0.0715
cat;6;3;0.1473
horse;6;3;0.0558
boat;6;3;0.2113
all;6;3;0.3286
bus;6;3;0.1260
bird;6;3;0.1555
tvmonitor;6;3;0.0766
pottedplant;6;3;0.0675
sheep;6;3;0.1161
chair;6;3;0.1632
cow;6;3;0.0487
diningtable;2;5;0.1050
car;2;5;0.2073
person;2;5;0.4822
aeroplane;2;5;0.3473
dog;2;5;0.1629
bicycle;2;5;0.0673
train;2;5;0.1286
motorbike;2;5;0.0886
bottle;2;5;0.0818
sofa;2;5;0.0729
cat;2;5;0.1610
horse;2;5;0.0619
boat;2;5;0.2287
all;2;5;0.3473
bus;2;5;0.1475
bird;2;5;0.1719
tvmonitor;2;5;0.0874
pottedplant;2;5;0.0759
sheep;2;5;0.1302
chair;2;5;0.1774
cow;2;5;0.0552
diningtable;2;15;0.1377
car;2;15;0.2123
person;2;15;0.4400
aeroplane;2;15;0.2908
dog;2;15;0.1551
bicycle;2;15;0.0739
train;2;15;0.1196
motorbike;2;15;0.0940
bottle;2;15;0.0847
sofa;2;15;0.0817
cat;2;15;0.1745
horse;2;15;0.0806
boat;2;15;0.2441
all;2;15;0.2908
bus;2;15;0.1670
bird;2;15;0.1586
tvmonitor;2;15;0.1065
pottedplant;2;15;0.0799
sheep;2;15;0.1326
chair;2;15;0.1763
cow;2;15;0.0807
diningtable;5;17;0.1206
car;5;17;0.2080
person;5;17;0.4537
aeroplane;5;17;0.2531
dog;5;17;0.1556
bicycle;5;17;0.0801
train;5;17;0.1201
motorbike;5;17;0.1096
bottle;5;17;0.0810
sofa;5;17;0.0826
cat;5;17;0.1657
horse;5;17;0.0810
boat;5;17;0.2005
all;5;17;0.2531
bus;5;17;0.1806
bird;5;17;0.1390
tvmonitor;5;17;0.1131
pottedplant;5;17;0.1025
sheep;5;17;0.0992
chair;5;17;0.1667
cow;5;17;0.0841
diningtable;6;13;0.1233
car;6;13;0.2192
person;6;13;0.4582
aeroplane;6;13;0.2650
dog;6;13;0.1592
bicycle;6;13;0.0799
train;6;13;0.1226
motorbike;6;13;0.1116
bottle;6;13;0.0819
sofa;6;13;0.0879
cat;6;13;0.1688
horse;6;13;0.0785
boat;6;13;0.2119
all;6;13;0.2650
bus;6;13;0.1678
bird;6;13;0.1501
tvmonitor;6;13;0.1144
pottedplant;6;13;0.0963
sheep;6;13;0.0962
chair;6;13;0.1664
cow;6;13;0.0759
diningtable;2;23;0.1294
car;2;23;0.2005
person;2;23;0.4345
aeroplane;2;23;0.2642
dog;2;23;0.1490
bicycle;2;23;0.0778
train;2;23;0.1147
motorbike;2;23;0.0922
bottle;2;23;0.0810
sofa;2;23;0.0811
cat;2;23;0.1580
horse;2;23;0.0863
boat;2;23;0.2166
all;2;23;0.2642
bus;2;23;0.1768
bird;2;23;0.1352
tvmonitor;2;23;0.1049
pottedplant;2;23;0.0960
sheep;2;23;0.1343
chair;2;23;0.1685
cow;2;23;0.0926
diningtable;7;12;0.1231
car;7;12;0.2232
person;7;12;0.4627
aeroplane;7;12;0.2670
dog;7;12;0.1588
bicycle;7;12;0.0788
train;7;12;0.1217
motorbike;7;12;0.1110
bottle;7;12;0.0800
sofa;7;12;0.0887
cat;7;12;0.1672
horse;7;12;0.0757
boat;7;12;0.2110
all;7;12;0.2670
bus;7;12;0.1646
bird;7;12;0.1501
tvmonitor;7;12;0.1145
pottedplant;7;12;0.0945
sheep;7;12;0.0928
chair;7;12;0.1640
cow;7;12;0.0736
diningtable;9;8;0.1287
car;9;8;0.2326
person;9;8;0.4680
aeroplane;9;8;0.2847
dog;9;8;0.1566
bicycle;9;8;0.0738
train;9;8;0.1296
motorbike;9;8;0.0970
bottle;9;8;0.0821
sofa;9;8;0.0828
cat;9;8;0.1663
horse;9;8;0.0698
boat;9;8;0.2155
all;9;8;0.2847
bus;9;8;0.1577
bird;9;8;0.1526
tvmonitor;9;8;0.1031
pottedplant;9;8;0.0857
sheep;9;8;0.1000
chair;9;8;0.1642
cow;9;8;0.0685
diningtable;0;7;0.0700
car;0;7;0.1551
person;0;7;0.3278
aeroplane;0;7;0.2695
dog;0;7;0.1548
bicycle;0;7;0.0466
train;0;7;0.0642
motorbike;0;7;0.0547
bottle;0;7;0.0813
sofa;0;7;0.0601
cat;0;7;0.1514
horse;0;7;0.0485
boat;0;7;0.1433
all;0;7;0.2695
bus;0;7;0.0810
bird;0;7;0.1264
tvmonitor;0;7;0.0571
pottedplant;0;7;0.0439
sheep;0;7;0.1149
chair;0;7;0.1661
cow;0;7;0.0468
diningtable;9;4;0.1026
car;9;4;0.2182
person;9;4;0.4918
aeroplane;9;4;0.3117
dog;9;4;0.1533
bicycle;9;4;0.0681
train;9;4;0.1094
motorbike;9;4;0.0878
bottle;9;4;0.0863
sofa;9;4;0.0735
cat;9;4;0.1485
horse;9;4;0.0626
boat;9;4;0.2176
all;9;4;0.3117
bus;9;4;0.1402
bird;9;4;0.1568
tvmonitor;9;4;0.0811
pottedplant;9;4;0.0708
sheep;9;4;0.1034
chair;9;4;0.1745
cow;9;4;0.0543
diningtable;2;22;0.1311
car;2;22;0.2012
person;2;22;0.4345
aeroplane;2;22;0.2668
dog;2;22;0.1492
bicycle;2;22;0.0775
train;2;22;0.1148
motorbike;2;22;0.0919
bottle;2;22;0.0812
sofa;2;22;0.0806
cat;2;22;0.1614
horse;2;22;0.0868
boat;2;22;0.2195
all;2;22;0.2668
bus;2;22;0.1783
bird;2;22;0.1351
tvmonitor;2;22;0.1043
pottedplant;2;22;0.0956
sheep;2;22;0.1356
chair;2;22;0.1683
cow;2;22;0.0922
diningtable;2;9;0.1333
car;2;9;0.2128
person;2;9;0.4591
aeroplane;2;9;0.3282
dog;2;9;0.1680
bicycle;2;9;0.0693
train;2;9;0.1256
motorbike;2;9;0.0898
bottle;2;9;0.0893
sofa;2;9;0.0811
cat;2;9;0.1861
horse;2;9;0.0696
boat;2;9;0.2379
all;2;9;0.3282
bus;2;9;0.1780
bird;2;9;0.1824
tvmonitor;2;9;0.0976
pottedplant;2;9;0.0841
sheep;2;9;0.1294
chair;2;9;0.1748
cow;2;9;0.0666
diningtable;6;9;0.1357
car;6;9;0.2273
person;6;9;0.4610
aeroplane;6;9;0.2938
dog;6;9;0.1582
bicycle;6;9;0.0736
train;6;9;0.1301
motorbike;6;9;0.0983
bottle;6;9;0.0836
sofa;6;9;0.0842
cat;6;9;0.1764
horse;6;9;0.0747
boat;6;9;0.2320
all;6;9;0.2938
bus;6;9;0.1600
bird;6;9;0.1556
tvmonitor;6;9;0.1047
pottedplant;6;9;0.0859
sheep;6;9;0.1167
chair;6;9;0.1717
cow;6;9;0.0707
diningtable;9;15;0.1093
car;9;15;0.2165
person;9;15;0.4627
aeroplane;9;15;0.2392
dog;9;15;0.1559
bicycle;9;15;0.0806
train;9;15;0.1241
motorbike;9;15;0.1086
bottle;9;15;0.0767
sofa;9;15;0.0796
cat;9;15;0.1605
horse;9;15;0.0728
boat;9;15;0.1745
all;9;15;0.2392
bus;9;15;0.1853
bird;9;15;0.1328
tvmonitor;9;15;0.1150
pottedplant;9;15;0.1002
sheep;9;15;0.0830
chair;9;15;0.1558
cow;9;15;0.0713
diningtable;5;3;0.0886
car;5;3;0.1858
person;5;3;0.4989
aeroplane;5;3;0.3368
dog;5;3;0.1518
bicycle;5;3;0.0674
train;5;3;0.1033
motorbike;5;3;0.0857
bottle;5;3;0.0773
sofa;5;3;0.0721
cat;5;3;0.1480
horse;5;3;0.0556
boat;5;3;0.2101
all;5;3;0.3368
bus;5;3;0.1262
bird;5;3;0.1547
tvmonitor;5;3;0.0764
pottedplant;5;3;0.0681
sheep;5;3;0.1208
chair;5;3;0.1629
cow;5;3;0.0485
diningtable;5;21;0.1161
car;5;21;0.2011
person;5;21;0.4525
aeroplane;5;21;0.2442
dog;5;21;0.1502
bicycle;5;21;0.0803
train;5;21;0.1191
motorbike;5;21;0.1039
bottle;5;21;0.0767
sofa;5;21;0.0779
cat;5;21;0.1643
horse;5;21;0.0767
boat;5;21;0.1832
all;5;21;0.2442
bus;5;21;0.1756
bird;5;21;0.1237
tvmonitor;5;21;0.1119
pottedplant;5;21;0.1062
sheep;5;21;0.0925
chair;5;21;0.1586
cow;5;21;0.0812
diningtable;2;17;0.1409
car;2;17;0.2080
person;2;17;0.4388
aeroplane;2;17;0.2836
dog;2;17;0.1529
bicycle;2;17;0.0776
train;2;17;0.1220
motorbike;2;17;0.0922
bottle;2;17;0.0842
sofa;2;17;0.0813
cat;2;17;0.1697
horse;2;17;0.0824
boat;2;17;0.2362
all;2;17;0.2836
bus;2;17;0.1705
bird;2;17;0.1537
tvmonitor;2;17;0.1055
pottedplant;2;17;0.0876
sheep;2;17;0.1382
chair;2;17;0.1771
cow;2;17;0.0874
diningtable;9;21;0.1049
car;9;21;0.2058
person;9;21;0.4626
aeroplane;9;21;0.2226
dog;9;21;0.1502
bicycle;9;21;0.0815
train;9;21;0.1232
motorbike;9;21;0.1045
bottle;9;21;0.0716
sofa;9;21;0.0744
cat;9;21;0.1571
horse;9;21;0.0677
boat;9;21;0.1498
all;9;21;0.2226
bus;9;21;0.1748
bird;9;21;0.1150
tvmonitor;9;21;0.1108
pottedplant;9;21;0.0968
sheep;9;21;0.0768
chair;9;21;0.1501
cow;9;21;0.0645
diningtable;3;17;0.1284
car;3;17;0.2083
person;3;17;0.4477
aeroplane;3;17;0.2842
dog;3;17;0.1547
bicycle;3;17;0.0809
train;3;17;0.1175
motorbike;3;17;0.1015
bottle;3;17;0.0829
sofa;3;17;0.0812
cat;3;17;0.1724
horse;3;17;0.0845
boat;3;17;0.2145
all;3;17;0.2842
bus;3;17;0.1762
bird;3;17;0.1488
tvmonitor;3;17;0.1080
pottedplant;3;17;0.0921
sheep;3;17;0.1292
chair;3;17;0.1718
cow;3;17;0.0861
diningtable;1;18;0.1362
car;1;18;0.2066
person;1;18;0.4298
aeroplane;1;18;0.3133
dog;1;18;0.1483
bicycle;1;18;0.0723
train;1;18;0.1183
motorbike;1;18;0.0880
bottle;1;18;0.0833
sofa;1;18;0.0802
cat;1;18;0.1692
horse;1;18;0.0774
boat;1;18;0.2481
all;1;18;0.3133
bus;1;18;0.1613
bird;1;18;0.1666
tvmonitor;1;18;0.0945
pottedplant;1;18;0.0760
sheep;1;18;0.1343
chair;1;18;0.1716
cow;1;18;0.0772
diningtable;0;10;0.1083
car;0;10;0.1442
person;0;10;0.3285
aeroplane;0;10;0.2983
dog;0;10;0.1745
bicycle;0;10;0.0476
train;0;10;0.1071
motorbike;0;10;0.0654
bottle;0;10;0.0953
sofa;0;10;0.0722
cat;0;10;0.1584
horse;0;10;0.0633
boat;0;10;0.1397
all;0;10;0.2983
bus;0;10;0.1122
bird;0;10;0.1411
tvmonitor;0;10;0.0782
pottedplant;0;10;0.0404
sheep;0;10;0.1360
chair;0;10;0.1479
cow;0;10;0.0613
diningtable;8;11;0.1240
car;8;11;0.2279
person;8;11;0.4639
aeroplane;8;11;0.2705
dog;8;11;0.1580
bicycle;8;11;0.0779
train;8;11;0.1217
motorbike;8;11;0.1089
bottle;8;11;0.0797
sofa;8;11;0.0873
cat;8;11;0.1673
horse;8;11;0.0735
boat;8;11;0.2087
all;8;11;0.2705
bus;8;11;0.1640
bird;8;11;0.1491
tvmonitor;8;11;0.1139
pottedplant;8;11;0.0934
sheep;8;11;0.0915
chair;8;11;0.1626
cow;8;11;0.0724
diningtable;9;22;0.1047
car;9;22;0.2036
person;9;22;0.4626
aeroplane;9;22;0.2204
dog;9;22;0.1494
bicycle;9;22;0.0824
train;9;22;0.1227
motorbike;9;22;0.1050
bottle;9;22;0.0711
sofa;9;22;0.0734
cat;9;22;0.1566
horse;9;22;0.0661
boat;9;22;0.1452
all;9;22;0.2204
bus;9;22;0.1731
bird;9;22;0.1140
tvmonitor;9;22;0.1093
pottedplant;9;22;0.0962
sheep;9;22;0.0758
chair;9;22;0.1491
cow;9;22;0.0644
diningtable;9;20;0.1066
car;9;20;0.2072
person;9;20;0.4625
aeroplane;9;20;0.2258
dog;9;20;0.1507
bicycle;9;20;0.0808
train;9;20;0.1235
motorbike;9;20;0.1049
bottle;9;20;0.0721
sofa;9;20;0.0747
cat;9;20;0.1580
horse;9;20;0.0686
boat;9;20;0.1541
all;9;20;0.2258
bus;9;20;0.1759
bird;9;20;0.1161
tvmonitor;9;20;0.1114
pottedplant;9;20;0.0977
sheep;9;20;0.0773
chair;9;20;0.1509
cow;9;20;0.0667
diningtable;4;6;0.1204
car;4;6;0.2194
person;4;6;0.4799
aeroplane;4;6;0.3311
dog;4;6;0.1632
bicycle;4;6;0.0695
train;4;6;0.1348
motorbike;4;6;0.0927
bottle;4;6;0.0838
sofa;4;6;0.0772
cat;4;6;0.1647
horse;4;6;0.0649
boat;4;6;0.2353
all;4;6;0.3311
bus;4;6;0.1632
bird;4;6;0.1756
tvmonitor;4;6;0.0912
pottedplant;4;6;0.0815
sheep;4;6;0.1206
chair;4;6;0.1803
cow;4;6;0.0588
diningtable;3;8;0.1325
car;3;8;0.2182
person;3;8;0.4638
aeroplane;3;8;0.3225
dog;3;8;0.1647
bicycle;3;8;0.0695
train;3;8;0.1303
motorbike;3;8;0.0921
bottle;3;8;0.0878
sofa;3;8;0.0819
cat;3;8;0.1784
horse;3;8;0.0703
boat;3;8;0.2400
all;3;8;0.3225
bus;3;8;0.1732
bird;3;8;0.1736
tvmonitor;3;8;0.0959
pottedplant;3;8;0.0847
sheep;3;8;0.1243
chair;3;8;0.1763
cow;3;8;0.0662
diningtable;2;13;0.1315
car;2;13;0.2126
person;2;13;0.4445
aeroplane;2;13;0.3042
dog;2;13;0.1586
bicycle;2;13;0.0706
train;2;13;0.1223
motorbike;2;13;0.0900
bottle;2;13;0.0868
sofa;2;13;0.0839
cat;2;13;0.1813
horse;2;13;0.0786
boat;2;13;0.2482
all;2;13;0.3042
bus;2;13;0.1647
bird;2;13;0.1668
tvmonitor;2;13;0.1070
pottedplant;2;13;0.0783
sheep;2;13;0.1256
chair;2;13;0.1763
cow;2;13;0.0737
diningtable;4;10;0.1372
car;4;10;0.2202
person;4;10;0.4575
aeroplane;4;10;0.2990
dog;4;10;0.1599
bicycle;4;10;0.0724
train;4;10;0.1305
motorbike;4;10;0.0976
bottle;4;10;0.0842
sofa;4;10;0.0857
cat;4;10;0.1873
horse;4;10;0.0783
boat;4;10;0.2406
all;4;10;0.2990
bus;4;10;0.1581
bird;4;10;0.1578
tvmonitor;4;10;0.1055
pottedplant;4;10;0.0852
sheep;4;10;0.1243
chair;4;10;0.1775
cow;4;10;0.0731
diningtable;1;21;0.1390
car;1;21;0.2065
person;1;21;0.4228
aeroplane;1;21;0.2931
dog;1;21;0.1482
bicycle;1;21;0.0729
train;1;21;0.1188
motorbike;1;21;0.0863
bottle;1;21;0.0814
sofa;1;21;0.0790
cat;1;21;0.1618
horse;1;21;0.0821
boat;1;21;0.2490
all;1;21;0.2931
bus;1;21;0.1659
bird;1;21;0.1512
tvmonitor;1;21;0.0953
pottedplant;1;21;0.0909
sheep;1;21;0.1390
chair;1;21;0.1684
cow;1;21;0.0809
diningtable;1;5;0.1016
car;1;5;0.1929
person;1;5;0.4769
aeroplane;1;5;0.3362
dog;1;5;0.1607
bicycle;1;5;0.0650
train;1;5;0.1282
motorbike;1;5;0.0863
bottle;1;5;0.0816
sofa;1;5;0.0711
cat;1;5;0.1601
horse;1;5;0.0618
boat;1;5;0.2084
all;1;5;0.3362
bus;1;5;0.1434
bird;1;5;0.1705
tvmonitor;1;5;0.0868
pottedplant;1;5;0.0748
sheep;1;5;0.1307
chair;1;5;0.1722
cow;1;5;0.0550
diningtable;6;18;0.1154
car;6;18;0.2066
person;6;18;0.4552
aeroplane;6;18;0.2433
dog;6;18;0.1543
bicycle;6;18;0.0807
train;6;18;0.1218
motorbike;6;18;0.1096
bottle;6;18;0.0773
sofa;6;18;0.0782
cat;6;18;0.1631
horse;6;18;0.0784
boat;6;18;0.1835
all;6;18;0.2433
bus;6;18;0.1799
bird;6;18;0.1290
tvmonitor;6;18;0.1135
pottedplant;6;18;0.1041
sheep;6;18;0.0924
chair;6;18;0.1594
cow;6;18;0.0812
diningtable;5;15;0.1229
car;5;15;0.2146
person;5;15;0.4550
aeroplane;5;15;0.2634
dog;5;15;0.1583
bicycle;5;15;0.0820
train;5;15;0.1227
motorbike;5;15;0.1087
bottle;5;15;0.0830
sofa;5;15;0.0839
cat;5;15;0.1694
horse;5;15;0.0798
boat;5;15;0.2070
all;5;15;0.2634
bus;5;15;0.1796
bird;5;15;0.1468
tvmonitor;5;15;0.1106
pottedplant;5;15;0.1013
sheep;5;15;0.1021
chair;5;15;0.1673
cow;5;15;0.0782
diningtable;5;19;0.1193
car;5;19;0.2035
person;5;19;0.4528
aeroplane;5;19;0.2478
dog;5;19;0.1518
bicycle;5;19;0.0800
train;5;19;0.1194
motorbike;5;19;0.1096
bottle;5;19;0.0784
sofa;5;19;0.0794
cat;5;19;0.1648
horse;5;19;0.0819
boat;5;19;0.1895
all;5;19;0.2478
bus;5;19;0.1784
bird;5;19;0.1309
tvmonitor;5;19;0.1126
pottedplant;5;19;0.1043
sheep;5;19;0.0962
chair;5;19;0.1624
cow;5;19;0.0844
diningtable;3;7;0.1257
car;3;7;0.2165
person;3;7;0.4731
aeroplane;3;7;0.3321
dog;3;7;0.1659
bicycle;3;7;0.0696
train;3;7;0.1339
motorbike;3;7;0.0916
bottle;3;7;0.0872
sofa;3;7;0.0783
cat;3;7;0.1717
horse;3;7;0.0672
boat;3;7;0.2380
all;3;7;0.3321
bus;3;7;0.1676
bird;3;7;0.1748
tvmonitor;3;7;0.0936
pottedplant;3;7;0.0839
sheep;3;7;0.1250
chair;3;7;0.1798
cow;3;7;0.0630
diningtable;1;10;0.1266
car;1;10;0.2081
person;1;10;0.4526
aeroplane;1;10;0.3437
dog;1;10;0.1736
bicycle;1;10;0.0678
train;1;10;0.1207
motorbike;1;10;0.0856
bottle;1;10;0.0901
sofa;1;10;0.0801
cat;1;10;0.1824
horse;1;10;0.0690
boat;1;10;0.2325
all;1;10;0.3437
bus;1;10;0.1683
bird;1;10;0.1945
tvmonitor;1;10;0.0977
pottedplant;1;10;0.0822
sheep;1;10;0.1329
chair;1;10;0.1714
cow;1;10;0.0677
diningtable;0;13;0.1128
car;0;13;0.1489
person;0;13;0.3335
aeroplane;0;13;0.3093
dog;0;13;0.1762
bicycle;0;13;0.0390
train;0;13;0.0819
motorbike;0;13;0.0693
bottle;0;13;0.0857
sofa;0;13;0.0757
cat;0;13;0.1690
horse;0;13;0.0625
boat;0;13;0.1417
all;0;13;0.3093
bus;0;13;0.1075
bird;0;13;0.1666
tvmonitor;0;13;0.0785
pottedplant;0;13;0.0648
sheep;0;13;0.1352
chair;0;13;0.1439
cow;0;13;0.0649
diningtable;2;14;0.1326
car;2;14;0.2120
person;2;14;0.4422
aeroplane;2;14;0.2937
dog;2;14;0.1574
bicycle;2;14;0.0715
train;2;14;0.1206
motorbike;2;14;0.0911
bottle;2;14;0.0864
sofa;2;14;0.0838
cat;2;14;0.1794
horse;2;14;0.0803
boat;2;14;0.2473
all;2;14;0.2937
bus;2;14;0.1654
bird;2;14;0.1614
tvmonitor;2;14;0.1074
pottedplant;2;14;0.0775
sheep;2;14;0.1275
chair;2;14;0.1762
cow;2;14;0.0762
diningtable;5;6;0.1205
car;5;6;0.2204
person;5;6;0.4784
aeroplane;5;6;0.3297
dog;5;6;0.1614
bicycle;5;6;0.0693
train;5;6;0.1363
motorbike;5;6;0.0932
bottle;5;6;0.0834
sofa;5;6;0.0783
cat;5;6;0.1655
horse;5;6;0.0682
boat;5;6;0.2324
all;5;6;0.3297
bus;5;6;0.1668
bird;5;6;0.1746
tvmonitor;5;6;0.0916
pottedplant;5;6;0.0814
sheep;5;6;0.1198
chair;5;6;0.1781
cow;5;6;0.0598
diningtable;5;1;0.0689
car;5;1;0.1390
person;5;1;0.5217
aeroplane;5;1;0.3037
dog;5;1;0.1384
bicycle;5;1;0.0641
train;5;1;0.0787
motorbike;5;1;0.0807
bottle;5;1;0.0686
sofa;5;1;0.0621
cat;5;1;0.1346
horse;5;1;0.0495
boat;5;1;0.1400
all;5;1;0.3037
bus;5;1;0.0884
bird;5;1;0.1312
tvmonitor;5;1;0.0660
pottedplant;5;1;0.0639
sheep;5;1;0.0923
chair;5;1;0.1238
cow;5;1;0.0433
diningtable;6;16;0.1173
car;6;16;0.2104
person;6;16;0.4556
aeroplane;6;16;0.2490
dog;6;16;0.1572
bicycle;6;16;0.0826
train;6;16;0.1228
motorbike;6;16;0.1105
bottle;6;16;0.0799
sofa;6;16;0.0813
cat;6;16;0.1648
horse;6;16;0.0781
boat;6;16;0.1952
all;6;16;0.2490
bus;6;16;0.1860
bird;6;16;0.1388
tvmonitor;6;16;0.1150
pottedplant;6;16;0.1025
sheep;6;16;0.0947
chair;6;16;0.1634
cow;6;16;0.0805
diningtable;7;21;0.1092
car;7;21;0.2043
person;7;21;0.4594
aeroplane;7;21;0.2319
dog;7;21;0.1512
bicycle;7;21;0.0811
train;7;21;0.1216
motorbike;7;21;0.1048
bottle;7;21;0.0734
sofa;7;21;0.0757
cat;7;21;0.1596
horse;7;21;0.0710
boat;7;21;0.1647
all;7;21;0.2319
bus;7;21;0.1755
bird;7;21;0.1175
tvmonitor;7;21;0.1120
pottedplant;7;21;0.1017
sheep;7;21;0.0813
chair;7;21;0.1528
cow;7;21;0.0724
diningtable;2;24;0.1281
car;2;24;0.1999
person;2;24;0.4344
aeroplane;2;24;0.2558
dog;2;24;0.1475
bicycle;2;24;0.0781
train;2;24;0.1164
motorbike;2;24;0.0924
bottle;2;24;0.0808
sofa;2;24;0.0821
cat;2;24;0.1565
horse;2;24;0.0842
boat;2;24;0.2144
all;2;24;0.2558
bus;2;24;0.1756
bird;2;24;0.1318
tvmonitor;2;24;0.1048
pottedplant;2;24;0.0962
sheep;2;24;0.1291
chair;2;24;0.1676
cow;2;24;0.0931
diningtable;8;19;0.1088
car;8;19;0.2111
person;8;19;0.4613
aeroplane;8;19;0.2317
dog;8;19;0.1527
bicycle;8;19;0.0813
train;8;19;0.1234
motorbike;8;19;0.1060
bottle;8;19;0.0741
sofa;8;19;0.0754
cat;8;19;0.1589
horse;8;19;0.0709
boat;8;19;0.1665
all;8;19;0.2317
bus;8;19;0.1777
bird;8;19;0.1197
tvmonitor;8;19;0.1132
pottedplant;8;19;0.1018
sheep;8;19;0.0803
chair;8;19;0.1535
cow;8;19;0.0704
diningtable;9;1;0.0699
car;9;1;0.1407
person;9;1;0.5300
aeroplane;9;1;0.3011
dog;9;1;0.1382
bicycle;9;1;0.0640
train;9;1;0.0794
motorbike;9;1;0.0780
bottle;9;1;0.0708
sofa;9;1;0.0619
cat;9;1;0.1293
horse;9;1;0.0498
boat;9;1;0.1449
all;9;1;0.3011
bus;9;1;0.0874
bird;9;1;0.1300
tvmonitor;9;1;0.0697
pottedplant;9;1;0.0604
sheep;9;1;0.0895
chair;9;1;0.1264
cow;9;1;0.0449
diningtable;1;3;0.0760
car;1;3;0.1779
person;1;3;0.4872
aeroplane;1;3;0.3225
dog;1;3;0.1523
bicycle;1;3;0.0626
train;1;3;0.1107
motorbike;1;3;0.0768
bottle;1;3;0.0736
sofa;1;3;0.0679
cat;1;3;0.1484
horse;1;3;0.0521
boat;1;3;0.1935
all;1;3;0.3225
bus;1;3;0.1133
bird;1;3;0.1564
tvmonitor;1;3;0.0788
pottedplant;1;3;0.0650
sheep;1;3;0.1278
chair;1;3;0.1482
cow;1;3;0.0491
diningtable;1;9;0.1212
car;1;9;0.2086
person;1;9;0.4586
aeroplane;1;9;0.3372
dog;1;9;0.1740
bicycle;1;9;0.0676
train;1;9;0.1212
motorbike;1;9;0.0863
bottle;1;9;0.0906
sofa;1;9;0.0783
cat;1;9;0.1798
horse;1;9;0.0684
boat;1;9;0.2282
all;1;9;0.3372
bus;1;9;0.1602
bird;1;9;0.1876
tvmonitor;1;9;0.0985
pottedplant;1;9;0.0839
sheep;1;9;0.1340
chair;1;9;0.1729
cow;1;9;0.0667
diningtable;9;14;0.1117
car;9;14;0.2185
person;9;14;0.4627
aeroplane;9;14;0.2418
dog;9;14;0.1574
bicycle;9;14;0.0811
train;9;14;0.1237
motorbike;9;14;0.1092
bottle;9;14;0.0776
sofa;9;14;0.0828
cat;9;14;0.1611
horse;9;14;0.0730
boat;9;14;0.1797
all;9;14;0.2418
bus;9;14;0.1829
bird;9;14;0.1402
tvmonitor;9;14;0.1154
pottedplant;9;14;0.0985
sheep;9;14;0.0831
chair;9;14;0.1571
cow;9;14;0.0749
diningtable;6;8;0.1328
car;6;8;0.2269
person;6;8;0.4643
aeroplane;6;8;0.2980
dog;6;8;0.1594
bicycle;6;8;0.0716
train;6;8;0.1337
motorbike;6;8;0.0952
bottle;6;8;0.0858
sofa;6;8;0.0829
cat;6;8;0.1765
horse;6;8;0.0711
boat;6;8;0.2320
all;6;8;0.2980
bus;6;8;0.1608
bird;6;8;0.1582
tvmonitor;6;8;0.1001
pottedplant;6;8;0.0839
sheep;6;8;0.1219
chair;6;8;0.1752
cow;6;8;0.0696
diningtable;3;21;0.1236
car;3;21;0.2014
person;3;21;0.4467
aeroplane;3;21;0.2614
dog;3;21;0.1491
bicycle;3;21;0.0789
train;3;21;0.1178
motorbike;3;21;0.0988
bottle;3;21;0.0815
sofa;3;21;0.0811
cat;3;21;0.1646
horse;3;21;0.0877
boat;3;21;0.2068
all;3;21;0.2614
bus;3;21;0.1755
bird;3;21;0.1367
tvmonitor;3;21;0.1027
pottedplant;3;21;0.0993
sheep;3;21;0.1237
chair;3;21;0.1658
cow;3;21;0.0899
diningtable;6;17;0.1159
car;6;17;0.2077
person;6;17;0.4553
aeroplane;6;17;0.2467
dog;6;17;0.1554
bicycle;6;17;0.0805
train;6;17;0.1218
motorbike;6;17;0.1109
bottle;6;17;0.0784
sofa;6;17;0.0799
cat;6;17;0.1628
horse;6;17;0.0781
boat;6;17;0.1888
all;6;17;0.2467
bus;6;17;0.1831
bird;6;17;0.1333
tvmonitor;6;17;0.1137
pottedplant;6;17;0.1031
sheep;6;17;0.0940
chair;6;17;0.1620
cow;6;17;0.0810
diningtable;6;24;0.1095
car;6;24;0.1944
person;6;24;0.4545
aeroplane;6;24;0.2328
dog;6;24;0.1482
bicycle;6;24;0.0816
train;6;24;0.1185
motorbike;6;24;0.1061
bottle;6;24;0.0726
sofa;6;24;0.0747
cat;6;24;0.1591
horse;6;24;0.0716
boat;6;24;0.1627
all;6;24;0.2328
bus;6;24;0.1689
bird;6;24;0.1153
tvmonitor;6;24;0.1074
pottedplant;6;24;0.1010
sheep;6;24;0.0829
chair;6;24;0.1541
cow;6;24;0.0724
diningtable;6;15;0.1188
car;6;15;0.2128
person;6;15;0.4562
aeroplane;6;15;0.2534
dog;6;15;0.1585
bicycle;6;15;0.0826
train;6;15;0.1235
motorbike;6;15;0.1089
bottle;6;15;0.0808
sofa;6;15;0.0830
cat;6;15;0.1665
horse;6;15;0.0780
boat;6;15;0.1998
all;6;15;0.2534
bus;6;15;0.1841
bird;6;15;0.1435
tvmonitor;6;15;0.1155
pottedplant;6;15;0.1007
sheep;6;15;0.0950
chair;6;15;0.1644
cow;6;15;0.0801
diningtable;1;12;0.1297
car;1;12;0.2104
person;1;12;0.4465
aeroplane;1;12;0.3407
dog;1;12;0.1691
bicycle;1;12;0.0673
train;1;12;0.1277
motorbike;1;12;0.0822
bottle;1;12;0.0879
sofa;1;12;0.0868
cat;1;12;0.1818
horse;1;12;0.0705
boat;1;12;0.2407
all;1;12;0.3407
bus;1;12;0.1693
bird;1;12;0.1854
tvmonitor;1;12;0.0927
pottedplant;1;12;0.0774
sheep;1;12;0.1282
chair;1;12;0.1753
cow;1;12;0.0689
diningtable;7;22;0.1073
car;7;22;0.2012
person;7;22;0.4594
aeroplane;7;22;0.2291
dog;7;22;0.1501
bicycle;7;22;0.0815
train;7;22;0.1205
motorbike;7;22;0.1043
bottle;7;22;0.0725
sofa;7;22;0.0751
cat;7;22;0.1588
horse;7;22;0.0703
boat;7;22;0.1597
all;7;22;0.2291
bus;7;22;0.1736
bird;7;22;0.1159
tvmonitor;7;22;0.1115
pottedplant;7;22;0.1009
sheep;7;22;0.0805
chair;7;22;0.1527
cow;7;22;0.0699
diningtable;1;7;0.1121
car;1;7;0.2101
person;1;7;0.4704
aeroplane;1;7;0.3365
dog;1;7;0.1691
bicycle;1;7;0.0696
train;1;7;0.1302
motorbike;1;7;0.0874
bottle;1;7;0.0892
sofa;1;7;0.0727
cat;1;7;0.1681
horse;1;7;0.0665
boat;1;7;0.2196
all;1;7;0.3365
bus;1;7;0.1490
bird;1;7;0.1844
tvmonitor;1;7;0.0939
pottedplant;1;7;0.0815
sheep;1;7;0.1360
chair;1;7;0.1794
cow;1;7;0.0625
diningtable;8;16;0.1107
car;8;16;0.2135
person;8;16;0.4614
aeroplane;8;16;0.2383
dog;8;16;0.1554
bicycle;8;16;0.0814
train;8;16;0.1242
motorbike;8;16;0.1087
bottle;8;16;0.0765
sofa;8;16;0.0785
cat;8;16;0.1614
horse;8;16;0.0741
boat;8;16;0.1757
all;8;16;0.2383
bus;8;16;0.1844
bird;8;16;0.1289
tvmonitor;8;16;0.1148
pottedplant;8;16;0.1024
sheep;8;16;0.0844
chair;8;16;0.1576
cow;8;16;0.0723
diningtable;4;12;0.1343
car;4;12;0.2196
person;4;12;0.4567
aeroplane;4;12;0.2903
dog;4;12;0.1610
bicycle;4;12;0.0753
train;4;12;0.1220
motorbike;4;12;0.1013
bottle;4;12;0.0845
sofa;4;12;0.0873
cat;4;12;0.1802
horse;4;12;0.0801
boat;4;12;0.2366
all;4;12;0.2903
bus;4;12;0.1643
bird;4;12;0.1524
tvmonitor;4;12;0.1102
pottedplant;4;12;0.0866
sheep;4;12;0.1201
chair;4;12;0.1775
cow;4;12;0.0792
diningtable;4;11;0.1376
car;4;11;0.2213
person;4;11;0.4576
aeroplane;4;11;0.2941
dog;4;11;0.1609
bicycle;4;11;0.0732
train;4;11;0.1258
motorbike;4;11;0.0994
bottle;4;11;0.0841
sofa;4;11;0.0871
cat;4;11;0.1855
horse;4;11;0.0792
boat;4;11;0.2393
all;4;11;0.2941
bus;4;11;0.1592
bird;4;11;0.1553
tvmonitor;4;11;0.1083
pottedplant;4;11;0.0838
sheep;4;11;0.1216
chair;4;11;0.1762
cow;4;11;0.0760
diningtable;7;20;0.1108
car;7;20;0.2071
person;7;20;0.4594
aeroplane;7;20;0.2345
dog;7;20;0.1520
bicycle;7;20;0.0806
train;7;20;0.1223
motorbike;7;20;0.1056
bottle;7;20;0.0739
sofa;7;20;0.0758
cat;7;20;0.1600
horse;7;20;0.0722
boat;7;20;0.1672
all;7;20;0.2345
bus;7;20;0.1758
bird;7;20;0.1195
tvmonitor;7;20;0.1131
pottedplant;7;20;0.1021
sheep;7;20;0.0827
chair;7;20;0.1533
cow;7;20;0.0735
diningtable;4;5;0.1111
car;4;5;0.2184
person;4;5;0.4850
aeroplane;4;5;0.3349
dog;4;5;0.1612
bicycle;4;5;0.0690
train;4;5;0.1270
motorbike;4;5;0.0890
bottle;4;5;0.0814
sofa;4;5;0.0747
cat;4;5;0.1580
horse;4;5;0.0649
boat;4;5;0.2363
all;4;5;0.3349
bus;4;5;0.1522
bird;4;5;0.1735
tvmonitor;4;5;0.0853
pottedplant;4;5;0.0765
sheep;4;5;0.1276
chair;4;5;0.1821
cow;4;5;0.0556
diningtable;4;14;0.1319
car;4;14;0.2179
person;4;14;0.4542
aeroplane;4;14;0.2790
dog;4;14;0.1590
bicycle;4;14;0.0777
train;4;14;0.1209
motorbike;4;14;0.1077
bottle;4;14;0.0837
sofa;4;14;0.0851
cat;4;14;0.1760
horse;4;14;0.0802
boat;4;14;0.2222
all;4;14;0.2790
bus;4;14;0.1695
bird;4;14;0.1510
tvmonitor;4;14;0.1121
pottedplant;4;14;0.0943
sheep;4;14;0.1237
chair;4;14;0.1759
cow;4;14;0.0808
diningtable;7;8;0.1325
car;7;8;0.2299
person;7;8;0.4665
aeroplane;7;8;0.2915
dog;7;8;0.1593
bicycle;7;8;0.0723
train;7;8;0.1335
motorbike;7;8;0.0970
bottle;7;8;0.0848
sofa;7;8;0.0829
cat;7;8;0.1732
horse;7;8;0.0706
boat;7;8;0.2286
all;7;8;0.2915
bus;7;8;0.1579
bird;7;8;0.1564
tvmonitor;7;8;0.1017
pottedplant;7;8;0.0848
sheep;7;8;0.1153
chair;7;8;0.1735
cow;7;8;0.0688
diningtable;1;6;0.1078
car;1;6;0.2073
person;1;6;0.4726
aeroplane;1;6;0.3324
dog;1;6;0.1634
bicycle;1;6;0.0683
train;1;6;0.1283
motorbike;1;6;0.0864
bottle;1;6;0.0851
sofa;1;6;0.0711
cat;1;6;0.1624
horse;1;6;0.0666
boat;1;6;0.2151
all;1;6;0.3324
bus;1;6;0.1484
bird;1;6;0.1761
tvmonitor;1;6;0.0889
pottedplant;1;6;0.0795
sheep;1;6;0.1320
chair;1;6;0.1757
cow;1;6;0.0576
diningtable;7;14;0.1177
car;7;14;0.2158
person;7;14;0.4606
aeroplane;7;14;0.2512
dog;7;14;0.1587
bicycle;7;14;0.0813
train;7;14;0.1233
motorbike;7;14;0.1099
bottle;7;14;0.0804
sofa;7;14;0.0857
cat;7;14;0.1656
horse;7;14;0.0759
boat;7;14;0.1981
all;7;14;0.2512
bus;7;14;0.1819
bird;7;14;0.1463
tvmonitor;7;14;0.1161
pottedplant;7;14;0.0988
sheep;7;14;0.0904
chair;7;14;0.1627
cow;7;14;0.0781
diningtable;6;4;0.1021
car;6;4;0.2154
person;6;4;0.4916
aeroplane;6;4;0.3254
dog;6;4;0.1569
bicycle;6;4;0.0682
train;6;4;0.1107
motorbike;6;4;0.0895
bottle;6;4;0.0811
sofa;6;4;0.0725
cat;6;4;0.1519
horse;6;4;0.0624
boat;6;4;0.2236
all;6;4;0.3254
bus;6;4;0.1424
bird;6;4;0.1609
tvmonitor;6;4;0.0816
pottedplant;6;4;0.0725
sheep;6;4;0.1226
chair;6;4;0.1777
cow;6;4;0.0534
diningtable;7;4;0.1023
car;7;4;0.2160
person;7;4;0.4920
aeroplane;7;4;0.3198
dog;7;4;0.1545
bicycle;7;4;0.0681
train;7;4;0.1102
motorbike;7;4;0.0891
bottle;7;4;0.0836
sofa;7;4;0.0733
cat;7;4;0.1511
horse;7;4;0.0623
boat;7;4;0.2198
all;7;4;0.3198
bus;7;4;0.1406
bird;7;4;0.1592
tvmonitor;7;4;0.0814
pottedplant;7;4;0.0718
sheep;7;4;0.1211
chair;7;4;0.1768
cow;7;4;0.0536
diningtable;3;19;0.1249
car;3;19;0.2048
person;3;19;0.4467
aeroplane;3;19;0.2735
dog;3;19;0.1520
bicycle;3;19;0.0776
train;3;19;0.1159
motorbike;3;19;0.1014
bottle;3;19;0.0839
sofa;3;19;0.0806
cat;3;19;0.1702
horse;3;19;0.0842
boat;3;19;0.2143
all;3;19;0.2735
bus;3;19;0.1795
bird;3;19;0.1437
tvmonitor;3;19;0.1093
pottedplant;3;19;0.0956
sheep;3;19;0.1240
chair;3;19;0.1680
cow;3;19;0.0888
diningtable;5;10;0.1369
car;5;10;0.2215
person;5;10;0.4583
aeroplane;5;10;0.2939
dog;5;10;0.1586
bicycle;5;10;0.0738
train;5;10;0.1278
motorbike;5;10;0.0997
bottle;5;10;0.0832
sofa;5;10;0.0857
cat;5;10;0.1819
horse;5;10;0.0772
boat;5;10;0.2352
all;5;10;0.2939
bus;5;10;0.1587
bird;5;10;0.1566
tvmonitor;5;10;0.1084
pottedplant;5;10;0.0850
sheep;5;10;0.1206
chair;5;10;0.1747
cow;5;10;0.0747
diningtable;4;2;0.0742
car;4;2;0.1577
person;4;2;0.5121
aeroplane;4;2;0.3353
dog;4;2;0.1460
bicycle;4;2;0.0663
train;4;2;0.0942
motorbike;4;2;0.0839
bottle;4;2;0.0725
sofa;4;2;0.0679
cat;4;2;0.1390
horse;4;2;0.0530
boat;4;2;0.1865
all;4;2;0.3353
bus;4;2;0.1086
bird;4;2;0.1497
tvmonitor;4;2;0.0701
pottedplant;4;2;0.0664
sheep;4;2;0.1061
chair;4;2;0.1378
cow;4;2;0.0442
diningtable;3;20;0.1242
car;3;20;0.2032
person;3;20;0.4466
aeroplane;3;20;0.2677
dog;3;20;0.1507
bicycle;3;20;0.0783
train;3;20;0.1166
motorbike;3;20;0.1007
bottle;3;20;0.0825
sofa;3;20;0.0814
cat;3;20;0.1666
horse;3;20;0.0866
boat;3;20;0.2101
all;3;20;0.2677
bus;3;20;0.1767
bird;3;20;0.1409
tvmonitor;3;20;0.1051
pottedplant;3;20;0.0979
sheep;3;20;0.1235
chair;3;20;0.1674
cow;3;20;0.0887
diningtable;6;19;0.1148
car;6;19;0.2055
person;6;19;0.4548
aeroplane;6;19;0.2407
dog;6;19;0.1533
bicycle;6;19;0.0801
train;6;19;0.1215
motorbike;6;19;0.1079
bottle;6;19;0.0767
sofa;6;19;0.0770
cat;6;19;0.1627
horse;6;19;0.0778
boat;6;19;0.1810
all;6;19;0.2407
bus;6;19;0.1768
bird;6;19;0.1247
tvmonitor;6;19;0.1130
pottedplant;6;19;0.1045
sheep;6;19;0.0903
chair;6;19;0.1578
cow;6;19;0.0777
diningtable;3;9;0.1331
car;3;9;0.2169
person;3;9;0.4596
aeroplane;3;9;0.3196
dog;3;9;0.1642
bicycle;3;9;0.0707
train;3;9;0.1318
motorbike;3;9;0.0930
bottle;3;9;0.0851
sofa;3;9;0.0840
cat;3;9;0.1850
horse;3;9;0.0757
boat;3;9;0.2444
all;3;9;0.3196
bus;3;9;0.1726
bird;3;9;0.1703
tvmonitor;3;9;0.0979
pottedplant;3;9;0.0845
sheep;3;9;0.1274
chair;3;9;0.1763
cow;3;9;0.0673
diningtable;2;3;0.0811
car;2;3;0.1821
person;2;3;0.4917
aeroplane;2;3;0.3407
dog;2;3;0.1533
bicycle;2;3;0.0664
train;2;3;0.1098
motorbike;2;3;0.0856
bottle;2;3;0.0770
sofa;2;3;0.0714
cat;2;3;0.1486
horse;2;3;0.0534
boat;2;3;0.2004
all;2;3;0.3407
bus;2;3;0.1237
bird;2;3;0.1544
tvmonitor;2;3;0.0785
pottedplant;2;3;0.0697
sheep;2;3;0.1319
chair;2;3;0.1561
cow;2;3;0.0483
diningtable;4;17;0.1241
car;4;17;0.2061
person;4;17;0.4521
aeroplane;4;17;0.2630
dog;4;17;0.1552
bicycle;4;17;0.0810
train;4;17;0.1184
motorbike;4;17;0.1073
bottle;4;17;0.0822
sofa;4;17;0.0809
cat;4;17;0.1682
horse;4;17;0.0824
boat;4;17;0.2074
all;4;17;0.2630
bus;4;17;0.1788
bird;4;17;0.1440
tvmonitor;4;17;0.1129
pottedplant;4;17;0.1003
sheep;4;17;0.1134
chair;4;17;0.1695
cow;4;17;0.0834
diningtable;3;10;0.1347
car;3;10;0.2139
person;3;10;0.4553
aeroplane;3;10;0.3118
dog;3;10;0.1630
bicycle;3;10;0.0713
train;3;10;0.1360
motorbike;3;10;0.0941
bottle;3;10;0.0854
sofa;3;10;0.0841
cat;3;10;0.1869
horse;3;10;0.0762
boat;3;10;0.2465
all;3;10;0.3118
bus;3;10;0.1727
bird;3;10;0.1665
tvmonitor;3;10;0.1013
pottedplant;3;10;0.0847
sheep;3;10;0.1246
chair;3;10;0.1755
cow;3;10;0.0702
diningtable;6;20;0.1134
car;6;20;0.2033
person;6;20;0.4546
aeroplane;6;20;0.2397
dog;6;20;0.1517
bicycle;6;20;0.0803
train;6;20;0.1207
motorbike;6;20;0.1053
bottle;6;20;0.0757
sofa;6;20;0.0768
cat;6;20;0.1623
horse;6;20;0.0751
boat;6;20;0.1757
all;6;20;0.2397
bus;6;20;0.1755
bird;6;20;0.1228
tvmonitor;6;20;0.1130
pottedplant;6;20;0.1053
sheep;6;20;0.0886
chair;6;20;0.1570
cow;6;20;0.0769
diningtable;2;20;0.1347
car;2;20;0.2026
person;2;20;0.4356
aeroplane;2;20;0.2735
dog;2;20;0.1514
bicycle;2;20;0.0771
train;2;20;0.1168
motorbike;2;20;0.0942
bottle;2;20;0.0832
sofa;2;20;0.0807
cat;2;20;0.1663
horse;2;20;0.0843
boat;2;20;0.2212
all;2;20;0.2735
bus;2;20;0.1763
bird;2;20;0.1364
tvmonitor;2;20;0.1043
pottedplant;2;20;0.0926
sheep;2;20;0.1354
chair;2;20;0.1705
cow;2;20;0.0915
diningtable;8;2;0.0793
car;8;2;0.1590
person;8;2;0.5266
aeroplane;8;2;0.3277
dog;8;2;0.1432
bicycle;8;2;0.0660
train;8;2;0.0892
motorbike;8;2;0.0819
bottle;8;2;0.0743
sofa;8;2;0.0666
cat;8;2;0.1379
horse;8;2;0.0521
boat;8;2;0.1787
all;8;2;0.3277
bus;8;2;0.1062
bird;8;2;0.1439
tvmonitor;8;2;0.0713
pottedplant;8;2;0.0634
sheep;8;2;0.0985
chair;8;2;0.1425
cow;8;2;0.0468
diningtable;9;13;0.1158
car;9;13;0.2217
person;9;13;0.4634
aeroplane;9;13;0.2506
dog;9;13;0.1587
bicycle;9;13;0.0804
train;9;13;0.1235
motorbike;9;13;0.1088
bottle;9;13;0.0787
sofa;9;13;0.0850
cat;9;13;0.1617
horse;9;13;0.0736
boat;9;13;0.1873
all;9;13;0.2506
bus;9;13;0.1775
bird;9;13;0.1458
tvmonitor;9;13;0.1143
pottedplant;9;13;0.0975
sheep;9;13;0.0837
chair;9;13;0.1586
cow;9;13;0.0755
